household_size,income_usd,dwelling_type,appliances_count,vehicle_count,avg_vehicle_km_per_year,electricity_kwh_year,gas_therms_year,water_m3_year,waste_kg_year,diet_type,air_travel_km_year,city_density,climate_zone,renewable_pct,annual_kg_co2e
1,2604,semi_detached,37,1,11280.0,3279.0,404.0,152.6,360.0,omnivore,113.0,medium,tropical,0.4,8253.6
6,45847,apartment,36,3,33527.0,7870.0,0.0,214.7,1538.0,omnivore,0.0,low,temperate,0.0,24667.7
5,77720,townhouse,31,0,0.0,5936.0,361.0,365.9,1091.0,reduced_meat,0.0,medium,continental,0.08,13314.4
4,137831,detached_house,9,1,9691.0,4413.0,128.0,161.5,897.0,reduced_meat,0.0,medium,arid,0.21,13386.2
4,110943,apartment,15,3,14556.0,4191.0,0.0,265.3,983.0,omnivore,0.0,medium,arid,0.45,13985.4
7,117369,apartment,28,3,4042.0,2964.0,0.0,293.3,825.0,omnivore,0.0,medium,tropical,0.19,15771.0
1,82099,semi_detached,39,1,9525.0,6154.0,320.0,137.9,490.0,omnivore,165.0,low,tropical,0.31,9161.3
5,17299,apartment,33,2,20268.0,6167.0,0.0,296.5,1047.0,omnivore,0.0,high,tropical,0.35,14657.8
2,59126,detached_house,19,0,0.0,1700.0,182.0,149.8,661.0,vegetarian,0.0,low,tropical,0.44,5634.1
1,149557,townhouse,13,0,0.0,2096.0,234.0,57.9,312.0,omnivore,826.0,medium,tropical,0.01,4815.2
4,7390,apartment,38,1,14495.0,5886.0,0.0,318.0,468.0,vegetarian,0.0,medium,temperate,0.36,11245.5
7,131976,apartment,14,3,16521.0,9232.0,0.0,528.8,785.0,omnivore,0.0,medium,tropical,0.22,20348.6
6,102926,townhouse,16,2,15534.0,7386.0,336.0,272.4,1513.0,vegetarian,0.0,high,tropical,0.49,15569.7
6,43159,detached_house,38,1,10681.0,6366.0,493.0,219.1,848.0,omnivore,0.0,medium,tropical,0.13,22682.8
6,116875,apartment,24,1,17862.0,5039.0,0.0,207.7,1415.0,omnivore,512.0,high,tropical,0.35,18315.5
6,125664,townhouse,14,0,0.0,5544.0,344.0,269.6,939.0,omnivore,0.0,medium,tropical,0.23,16250.7
4,7248,townhouse,5,1,12918.0,3053.0,181.0,332.1,880.0,omnivore,0.0,high,tropical,0.2,13679.8
1,16677,detached_house,20,0,0.0,2148.0,427.0,61.4,515.0,vegetarian,0.0,high,tropical,0.16,5627.8
6,100129,detached_house,39,0,0.0,4257.0,120.0,208.5,709.0,reduced_meat,0.0,low,arid,0.16,15675.6
4,149866,apartment,20,2,23522.0,2646.0,0.0,282.3,1300.0,reduced_meat,504.0,high,temperate,0.37,11618.6
4,4375,apartment,29,0,0.0,4926.0,0.0,269.6,825.0,omnivore,0.0,high,temperate,0.24,10429.5
3,100120,detached_house,13,0,0.0,5258.0,0.0,229.9,756.0,reduced_meat,103.0,medium,temperate,0.2,8365.2
2,21169,apartment,32,2,17197.0,4966.0,0.0,78.4,527.0,reduced_meat,0.0,low,arid,0.0,10195.2
7,97798,semi_detached,32,1,14575.0,9128.0,378.0,333.7,1316.0,vegetarian,0.0,low,continental,0.19,22346.7
6,93798,semi_detached,26,1,7759.0,6230.0,272.0,275.4,1634.0,reduced_meat,0.0,medium,arid,0.4,18376.2
5,14293,apartment,32,0,0.0,3683.0,0.0,243.9,1090.0,reduced_meat,0.0,medium,arid,0.36,12842.8
3,102364,detached_house,25,0,0.0,5523.0,198.0,143.0,971.0,omnivore,0.0,medium,tropical,0.24,12369.6
6,134637,apartment,18,1,6553.0,6008.0,0.0,292.1,910.0,vegan,168.0,medium,tropical,0.29,9746.1
4,129625,townhouse,30,2,18298.0,6248.0,291.0,189.1,1027.0,omnivore,0.0,medium,tropical,0.13,15504.9
4,5126,apartment,34,1,8697.0,5976.0,0.0,248.8,917.0,omnivore,55.0,low,tropical,0.49,11174.3
4,37490,detached_house,34,2,16084.0,3977.0,258.0,209.9,636.0,vegetarian,0.0,low,temperate,0.56,14106.7
2,36731,detached_house,12,2,23532.0,1800.0,447.0,151.7,648.0,omnivore,0.0,low,tropical,0.27,14771.7
1,68431,apartment,28,1,3635.0,2174.0,0.0,187.4,417.0,omnivore,538.0,high,temperate,0.74,3940.9
4,22138,semi_detached,5,1,7190.0,4484.0,338.0,121.0,724.0,omnivore,0.0,medium,temperate,0.15,15601.8
7,128268,semi_detached,25,1,11394.0,6400.0,308.0,313.8,1315.0,omnivore,769.0,high,tropical,0.16,21080.4
1,116693,detached_house,24,0,0.0,1334.0,113.0,147.1,548.0,vegetarian,0.0,high,tropical,0.24,3463.1
7,121405,semi_detached,17,2,6738.0,3949.0,142.0,381.4,1095.0,vegetarian,0.0,high,tropical,0.32,15025.3
6,30372,townhouse,39,2,22680.0,5760.0,301.0,211.0,1139.0,omnivore,0.0,medium,tropical,0.6,20039.8
2,2974,apartment,35,1,12931.0,3750.0,0.0,131.8,474.0,vegan,799.0,high,continental,0.31,6272.0
5,136667,detached_house,6,1,8843.0,2957.0,370.0,221.4,808.0,reduced_meat,565.0,high,temperate,0.22,16556.4
2,43905,apartment,12,1,2137.0,2107.0,0.0,151.2,538.0,vegetarian,0.0,high,temperate,0.22,4410.2
6,98715,semi_detached,12,2,22942.0,3873.0,0.0,192.8,787.0,omnivore,0.0,low,arid,0.42,22588.6
5,136487,detached_house,36,3,9571.0,5299.0,388.0,296.7,1603.0,omnivore,14.0,medium,temperate,0.4,18970.5
3,6195,apartment,23,0,0.0,2469.0,0.0,195.4,425.0,omnivore,1194.0,low,temperate,0.18,8397.7
1,1616,apartment,30,1,5894.0,3081.0,0.0,157.6,363.0,omnivore,0.0,low,tropical,0.0,4715.2
7,1610,townhouse,33,0,0.0,7020.0,194.0,295.1,1199.0,reduced_meat,0.0,medium,tropical,0.08,17087.5
4,24123,apartment,31,1,7453.0,4147.0,0.0,249.2,1088.0,omnivore,0.0,high,tropical,0.61,11935.3
7,8507,semi_detached,8,0,0.0,6108.0,402.0,182.7,798.0,omnivore,0.0,low,arid,0.35,22344.4
5,123141,apartment,9,1,6745.0,6080.0,0.0,200.2,914.0,reduced_meat,493.0,low,temperate,0.26,12536.6
6,91204,townhouse,18,1,11060.0,4094.0,249.0,300.0,1230.0,omnivore,214.0,high,arid,0.63,19091.9
6,147022,apartment,16,1,7439.0,5715.0,0.0,402.6,1252.0,omnivore,0.0,low,arid,0.54,15843.5
2,120381,apartment,31,1,12431.0,5454.0,0.0,184.5,778.0,reduced_meat,0.0,low,continental,0.24,8934.9
3,144507,townhouse,10,3,29952.0,4097.0,298.0,206.0,920.0,vegetarian,192.0,high,tropical,0.35,13408.8
4,36392,townhouse,18,3,19676.0,8016.0,417.0,169.9,767.0,omnivore,450.0,high,tropical,0.26,17388.9
4,43739,apartment,13,0,0.0,6559.0,0.0,199.2,798.0,vegan,0.0,medium,continental,0.21,8693.8
1,127531,detached_house,11,1,3234.0,2627.0,141.0,77.9,298.0,vegetarian,0.0,medium,continental,0.03,5444.6
4,37336,semi_detached,11,3,30053.0,5221.0,537.0,184.0,1001.0,reduced_meat,427.0,medium,temperate,0.03,20365.2
2,9339,townhouse,11,2,15518.0,4272.0,227.0,149.1,618.0,omnivore,152.0,low,tropical,0.0,11327.0
6,100634,apartment,24,0,0.0,6319.0,0.0,211.4,942.0,reduced_meat,0.0,high,continental,0.51,11666.3
5,120303,detached_house,19,2,14250.0,6008.0,292.0,226.4,618.0,vegetarian,0.0,high,temperate,0.12,16231.2
7,145254,semi_detached,20,0,0.0,7256.0,308.0,459.9,1267.0,omnivore,1531.0,medium,temperate,0.54,22700.5
6,139227,semi_detached,21,0,0.0,6334.0,254.0,246.7,527.0,vegan,0.0,medium,tropical,0.14,11728.7
3,18738,semi_detached,30,2,6081.0,5557.0,298.0,122.6,749.0,vegetarian,0.0,medium,arid,0.51,10587.4
7,115998,detached_house,35,2,7911.0,7882.0,295.0,336.0,797.0,omnivore,0.0,low,temperate,0.2,25712.7
3,127042,apartment,23,3,38655.0,5623.0,0.0,162.9,494.0,reduced_meat,146.0,medium,temperate,0.02,14400.5
3,104959,townhouse,27,1,13749.0,4792.0,17.0,133.9,671.0,omnivore,0.0,low,arid,0.44,12206.9
7,123114,townhouse,30,3,19178.0,7232.0,526.0,390.9,1167.0,reduced_meat,0.0,high,arid,0.56,22542.2
3,125826,semi_detached,29,1,6788.0,6330.0,282.0,171.6,803.0,vegetarian,217.0,medium,temperate,0.11,12076.0
1,67425,apartment,9,2,22314.0,5717.0,0.0,140.2,522.0,omnivore,0.0,medium,arid,0.2,9541.2
4,6790,apartment,39,0,0.0,6106.0,0.0,225.1,601.0,omnivore,0.0,medium,tropical,0.11,11701.7
6,68864,semi_detached,10,0,0.0,8047.0,243.0,369.2,1508.0,omnivore,950.0,high,tropical,0.33,18207.7
2,30905,apartment,19,3,24052.0,3947.0,0.0,170.4,465.0,vegetarian,0.0,high,tropical,0.37,7911.1
4,17768,townhouse,27,3,43274.0,1821.0,476.0,129.6,1019.0,omnivore,1496.0,medium,temperate,0.2,21936.6
1,19438,apartment,19,3,22425.0,579.0,0.0,54.6,428.0,vegetarian,0.0,low,tropical,0.0,6283.2
5,104848,semi_detached,13,1,9353.0,4919.0,391.0,218.2,669.0,omnivore,0.0,high,tropical,0.26,16860.1
4,76076,townhouse,37,0,0.0,3418.0,222.0,318.6,942.0,omnivore,0.0,low,continental,0.36,12535.2
3,81343,apartment,7,3,49122.0,2816.0,0.0,225.0,672.0,vegetarian,649.0,low,temperate,0.22,15742.8
2,111982,apartment,13,2,13962.0,3879.0,0.0,-48.2,728.0,reduced_meat,1496.0,low,tropical,0.2,8103.9
4,82601,detached_house,39,0,0.0,5504.0,454.0,286.6,752.0,omnivore,0.0,high,tropical,0.21,14313.1
5,94797,detached_house,30,3,46132.0,3953.0,73.0,303.6,1087.0,omnivore,0.0,low,temperate,0.16,27332.4
7,13634,apartment,8,3,11017.0,4447.0,0.0,156.9,1297.0,omnivore,0.0,medium,tropical,0.46,18658.2
4,127788,detached_house,31,1,12597.0,6343.0,66.0,278.7,1006.0,omnivore,281.0,medium,tropical,0.08,17070.9
2,67758,townhouse,38,3,16308.0,2645.0,169.0,35.1,499.0,omnivore,0.0,medium,tropical,0.36,9788.5
6,23957,detached_house,8,3,28076.0,7858.0,203.0,399.8,1038.0,reduced_meat,325.0,medium,tropical,0.26,24646.7
5,122148,apartment,19,2,16302.0,4194.0,0.0,256.7,1164.0,omnivore,0.0,high,temperate,0.39,16295.5
5,110405,apartment,21,2,11294.0,6317.0,0.0,156.3,765.0,omnivore,271.0,high,tropical,0.24,13518.3
1,8711,apartment,9,1,5559.0,4857.0,0.0,146.9,665.0,omnivore,0.0,medium,arid,0.2,6892.3
3,29601,apartment,12,3,29902.0,5179.0,0.0,258.8,549.0,omnivore,0.0,medium,tropical,0.25,13155.8
6,3149,apartment,11,3,37453.0,6359.0,0.0,331.6,1357.0,vegan,0.0,high,tropical,0.27,14874.6
6,41197,semi_detached,11,3,25638.0,4510.0,348.0,378.6,1429.0,omnivore,0.0,high,tropical,0.4,20926.6
4,15717,apartment,19,2,18491.0,6310.0,0.0,217.9,886.0,omnivore,0.0,medium,temperate,0.32,13802.3
6,106717,townhouse,21,0,0.0,4895.0,180.0,205.6,987.0,reduced_meat,260.0,medium,tropical,0.58,13247.7
6,78764,apartment,13,1,5599.0,6374.0,0.0,372.0,1302.0,vegetarian,0.0,low,tropical,0.29,12557.3
3,147046,apartment,15,1,11589.0,3744.0,0.0,247.3,181.0,reduced_meat,1963.0,low,tropical,0.0,9132.7
7,112614,semi_detached,11,3,35603.0,5934.0,295.0,347.5,909.0,vegetarian,610.0,low,temperate,0.42,20453.8
3,92042,townhouse,32,2,36225.0,4615.0,404.0,152.1,810.0,vegetarian,1663.0,low,tropical,0.22,16773.8
2,76789,apartment,12,2,15367.0,2621.0,0.0,121.8,201.0,reduced_meat,0.0,low,continental,0.55,7374.9
5,8931,apartment,36,0,0.0,3314.0,0.0,205.8,806.0,vegan,166.0,high,temperate,0.57,6433.5
5,11274,apartment,23,3,35074.0,6370.0,0.0,153.6,1279.0,omnivore,0.0,high,arid,0.27,20652.0
1,92753,detached_house,33,1,11867.0,3335.0,303.0,136.4,450.0,vegetarian,0.0,high,temperate,0.46,7671.2
6,1453,detached_house,27,0,0.0,8547.0,261.0,333.8,1044.0,vegetarian,0.0,medium,tropical,0.16,15759.0
2,7118,apartment,14,3,22767.0,3607.0,0.0,99.1,604.0,vegetarian,0.0,medium,continental,0.25,8254.8
6,33495,apartment,26,0,0.0,4893.0,0.0,281.8,1006.0,omnivore,0.0,low,continental,0.35,15968.4
1,132714,detached_house,14,0,0.0,4151.0,89.0,147.4,480.0,reduced_meat,463.0,medium,tropical,0.42,4166.8
6,69272,townhouse,9,0,0.0,6342.0,272.0,246.8,1006.0,omnivore,170.0,medium,arid,0.38,18964.2
6,106669,semi_detached,13,1,9314.0,6961.0,445.0,223.2,1061.0,reduced_meat,0.0,medium,tropical,0.26,18599.0
6,62205,detached_house,14,0,0.0,6362.0,124.0,199.8,1119.0,omnivore,0.0,high,arid,0.72,18376.4
5,26630,apartment,9,3,20652.0,8187.0,0.0,240.0,1116.0,reduced_meat,447.0,high,temperate,0.3,15891.2
4,56176,apartment,5,2,5103.0,4319.0,0.0,195.3,1240.0,reduced_meat,0.0,low,continental,0.01,9077.8
5,14484,apartment,38,1,2292.0,4997.0,0.0,291.9,1101.0,omnivore,0.0,high,tropical,0.14,12700.4
2,115721,semi_detached,22,0,0.0,3927.0,108.0,190.9,566.0,omnivore,0.0,low,temperate,0.47,7836.0
6,28183,townhouse,19,1,4404.0,6066.0,371.0,338.0,983.0,omnivore,0.0,low,temperate,0.24,19461.5
4,56955,townhouse,37,0,0.0,4775.0,380.0,188.4,1170.0,reduced_meat,0.0,low,tropical,0.27,11570.1
4,147020,townhouse,12,3,14517.0,6332.0,361.0,251.7,867.0,reduced_meat,0.0,low,arid,0.17,16300.0
4,89120,townhouse,19,1,6540.0,4457.0,196.0,253.2,949.0,reduced_meat,1563.0,medium,temperate,0.18,11685.4
4,69217,townhouse,34,1,6291.0,5706.0,310.0,156.8,779.0,omnivore,0.0,medium,temperate,0.13,14388.7
1,81817,apartment,27,0,0.0,-364.0,0.0,139.4,422.0,vegetarian,0.0,low,continental,0.32,1646.0
1,117784,apartment,18,0,0.0,3038.0,0.0,114.0,501.0,reduced_meat,592.0,high,tropical,0.34,3559.4
2,38768,apartment,13,0,0.0,3287.0,0.0,176.0,864.0,omnivore,2717.0,medium,tropical,0.32,6502.8
1,95752,detached_house,6,0,0.0,1675.0,311.0,155.5,582.0,omnivore,0.0,medium,tropical,0.3,5439.2
4,131005,apartment,7,2,14773.0,6022.0,0.0,216.2,1159.0,omnivore,0.0,medium,tropical,0.19,13225.6
5,86204,semi_detached,10,3,22451.0,4951.0,322.0,267.9,1172.0,omnivore,0.0,medium,tropical,0.03,21014.6
5,67423,detached_house,32,3,30441.0,5127.0,138.0,249.3,498.0,omnivore,0.0,medium,temperate,0.02,21591.6
4,22453,detached_house,27,1,11045.0,5580.0,156.0,157.7,917.0,omnivore,1084.0,medium,tropical,0.7,15105.0
6,37844,apartment,20,3,17470.0,2341.0,0.0,152.5,1462.0,omnivore,0.0,high,temperate,0.57,17275.8
4,141946,apartment,32,2,18255.0,2882.0,0.0,154.8,620.0,omnivore,229.0,medium,tropical,0.45,12928.6
1,81555,apartment,10,0,0.0,3731.0,0.0,53.7,727.0,omnivore,49.0,medium,tropical,0.15,3860.4
6,45760,townhouse,12,0,0.0,2991.0,369.0,159.0,1379.0,vegetarian,0.0,low,temperate,0.25,14016.2
5,63220,detached_house,18,2,23335.0,4185.0,363.0,222.0,985.0,omnivore,0.0,high,temperate,0.23,19683.8
5,87040,semi_detached,37,1,8020.0,4510.0,168.0,261.6,1584.0,omnivore,304.0,medium,tropical,0.05,16860.8
4,81002,apartment,26,0,0.0,7878.0,0.0,180.1,599.0,reduced_meat,0.0,medium,continental,0.16,11628.2
4,105206,apartment,34,3,17747.0,6511.0,0.0,259.3,618.0,omnivore,0.0,high,tropical,0.55,13464.3
1,39217,apartment,13,2,19522.0,2447.0,0.0,101.4,669.0,omnivore,0.0,medium,tropical,0.38,6640.3
4,97665,semi_detached,34,2,17749.0,6169.0,267.0,244.0,644.0,omnivore,0.0,low,tropical,0.1,17616.8
6,66847,semi_detached,7,3,25947.0,6443.0,353.0,270.0,835.0,omnivore,0.0,medium,temperate,0.2,26071.1
3,141136,apartment,12,3,25800.0,5499.0,0.0,93.8,767.0,reduced_meat,0.0,medium,tropical,0.36,11851.9
5,24362,townhouse,23,3,28125.0,3051.0,327.0,297.9,1110.0,omnivore,0.0,high,temperate,0.26,19581.5
1,22947,apartment,6,1,11968.0,4045.0,0.0,174.6,679.0,omnivore,4560.0,medium,arid,0.26,7533.3
3,69679,townhouse,35,3,41466.0,3548.0,279.0,181.0,692.0,reduced_meat,0.0,low,tropical,0.31,16345.2
4,76646,apartment,35,2,17984.0,4270.0,0.0,143.4,892.0,vegan,0.0,medium,temperate,0.31,10806.4
7,103878,apartment,23,2,23707.0,9627.0,0.0,443.2,1743.0,omnivore,0.0,medium,tropical,0.29,22658.8
2,61081,semi_detached,15,3,19631.0,4057.0,124.0,127.5,810.0,omnivore,0.0,low,tropical,0.15,11563.7
2,137126,apartment,8,0,0.0,2800.0,0.0,117.3,622.0,omnivore,0.0,high,tropical,0.27,5367.5
3,71545,apartment,26,1,6333.0,4254.0,0.0,236.2,769.0,reduced_meat,0.0,low,tropical,0.08,8638.3
7,20096,apartment,23,0,0.0,6773.0,0.0,334.6,724.0,reduced_meat,92.0,high,tropical,0.12,14356.7
6,18587,apartment,31,1,16737.0,4727.0,0.0,239.7,949.0,reduced_meat,124.0,high,tropical,0.33,15154.1
1,146032,semi_detached,26,1,8573.0,3741.0,374.0,129.5,434.0,omnivore,176.0,low,arid,0.37,8803.9
2,20806,townhouse,9,3,3978.0,3954.0,451.0,151.5,518.0,omnivore,982.0,high,tropical,0.14,9279.6
6,142219,townhouse,9,3,21245.0,6094.0,337.0,272.6,1072.0,vegetarian,0.0,high,tropical,0.39,16048.9
1,42288,apartment,32,1,13312.0,3238.0,0.0,68.4,550.0,omnivore,0.0,medium,arid,0.37,6236.0
6,14736,detached_house,10,1,10936.0,7438.0,50.0,333.9,1389.0,vegan,0.0,medium,tropical,0.0,13531.0
2,46261,apartment,37,2,19742.0,6243.0,0.0,224.8,505.0,omnivore,0.0,low,arid,0.21,11653.9
7,92512,apartment,8,3,37591.0,6738.0,0.0,520.0,785.0,omnivore,39.0,low,temperate,0.5,24086.1
3,64643,apartment,30,3,32087.0,6581.0,0.0,203.6,856.0,omnivore,1027.0,high,tropical,0.43,14054.3
4,118008,townhouse,39,0,0.0,8325.0,553.0,176.7,817.0,omnivore,0.0,low,tropical,0.0,15704.9
5,91959,townhouse,20,0,0.0,6895.0,449.0,297.8,552.0,vegetarian,0.0,low,tropical,0.35,12100.4
1,60596,semi_detached,6,2,28652.0,3198.0,394.0,154.9,537.0,omnivore,0.0,medium,tropical,0.14,12077.3
4,95486,detached_house,35,1,10256.0,6766.0,185.0,231.5,776.0,reduced_meat,0.0,low,arid,0.35,15071.5
4,145742,detached_house,11,0,0.0,4864.0,238.0,190.8,354.0,reduced_meat,0.0,high,temperate,0.25,11467.2
6,62242,detached_house,23,0,0.0,5603.0,289.0,262.0,839.0,vegetarian,0.0,high,arid,0.34,15616.3
7,23693,detached_house,39,1,6895.0,6875.0,207.0,289.1,1056.0,reduced_meat,0.0,high,tropical,0.27,21710.0
5,61790,apartment,31,1,14974.0,6836.0,0.0,80.4,1292.0,vegan,800.0,low,continental,0.25,12709.4
3,126145,apartment,6,2,19513.0,3705.0,0.0,207.7,650.0,vegetarian,0.0,medium,tropical,0.16,8925.3
3,33270,apartment,33,0,0.0,4794.0,0.0,278.7,631.0,omnivore,1715.0,high,temperate,0.32,8076.1
3,142412,townhouse,10,2,18866.0,5120.0,444.0,61.8,739.0,vegetarian,0.0,medium,temperate,0.07,13479.8
6,88575,detached_house,31,2,13894.0,6405.0,312.0,173.0,956.0,vegan,0.0,medium,tropical,0.32,16052.9
3,90554,townhouse,26,1,9038.0,4782.0,93.0,145.3,629.0,omnivore,0.0,medium,tropical,0.28,9827.5
2,48102,apartment,15,0,0.0,3286.0,0.0,113.8,481.0,reduced_meat,150.0,medium,tropical,0.01,5433.3
3,138132,detached_house,19,2,21887.0,5239.0,334.0,233.9,435.0,omnivore,0.0,medium,continental,0.4,16582.0
1,6180,apartment,9,2,6020.0,3882.0,0.0,141.1,467.0,reduced_meat,0.0,medium,tropical,0.22,4145.1
1,45361,apartment,39,1,8247.0,1043.0,0.0,136.7,173.0,omnivore,0.0,low,temperate,0.27,4077.5
1,63225,apartment,13,1,15238.0,2871.0,0.0,159.4,372.0,reduced_meat,0.0,high,arid,0.46,6157.2
6,72009,apartment,15,2,16503.0,5099.0,0.0,335.0,1118.0,omnivore,0.0,medium,tropical,0.3,19349.9
6,71540,townhouse,22,1,2698.0,7463.0,142.0,433.7,979.0,reduced_meat,0.0,low,arid,0.42,16049.8
5,22870,apartment,28,1,15626.0,7339.0,0.0,256.5,1380.0,omnivore,0.0,high,tropical,0.31,16485.6
4,34458,detached_house,22,1,11388.0,5170.0,435.0,261.8,753.0,reduced_meat,0.0,medium,tropical,0.41,14852.0
6,15010,detached_house,22,1,8755.0,8014.0,444.0,256.7,1451.0,omnivore,0.0,low,continental,0.27,24691.5
2,86210,apartment,25,2,15400.0,3655.0,0.0,135.8,641.0,reduced_meat,0.0,high,tropical,0.43,7234.8
7,53149,detached_house,35,1,12788.0,5592.0,479.0,434.9,1306.0,omnivore,547.0,high,continental,0.41,25440.2
4,85213,apartment,18,1,7103.0,3805.0,0.0,62.8,858.0,omnivore,697.0,medium,continental,0.44,12672.6
7,88785,townhouse,34,2,26038.0,8147.0,382.0,193.4,969.0,omnivore,0.0,high,tropical,0.46,24851.2
2,105538,semi_detached,32,1,10898.0,3352.0,191.0,145.2,872.0,vegetarian,124.0,medium,arid,0.18,9185.2
4,82417,semi_detached,38,0,0.0,2917.0,508.0,310.9,579.0,omnivore,0.0,medium,tropical,0.15,12227.1
5,97473,detached_house,36,3,28528.0,4952.0,364.0,320.3,994.0,reduced_meat,190.0,low,arid,0.24,22084.6
4,88402,apartment,32,0,0.0,4125.0,0.0,138.5,914.0,omnivore,1204.0,low,continental,0.14,10387.9
4,98143,townhouse,13,2,25319.0,4075.0,220.0,192.1,1094.0,reduced_meat,0.0,medium,temperate,0.09,15784.9
2,92803,apartment,32,1,5971.0,3957.0,0.0,144.7,710.0,omnivore,0.0,medium,continental,0.0,7279.5
3,47979,apartment,30,0,0.0,5007.0,0.0,172.2,668.0,omnivore,0.0,high,tropical,0.12,8839.0
2,37545,apartment,15,0,0.0,2002.0,0.0,74.0,568.0,omnivore,0.0,medium,arid,0.55,5162.3
3,118284,semi_detached,28,3,33628.0,2530.0,186.0,215.8,767.0,omnivore,0.0,medium,tropical,0.15,15942.6
5,51931,detached_house,13,1,10681.0,4936.0,344.0,192.7,916.0,omnivore,0.0,high,temperate,0.64,17902.3
5,82732,semi_detached,23,1,10427.0,9871.0,237.0,317.8,1242.0,omnivore,0.0,high,tropical,0.41,20316.0
5,30188,semi_detached,32,2,15756.0,7810.0,268.0,297.3,1022.0,omnivore,0.0,medium,tropical,0.24,20962.5
3,65167,apartment,11,0,0.0,5010.0,0.0,237.8,834.0,vegan,2912.0,high,tropical,0.12,6450.4
7,79825,townhouse,16,2,17681.0,6926.0,281.0,290.5,896.0,omnivore,0.0,high,tropical,0.35,22392.2
1,94201,apartment,32,1,7295.0,2453.0,0.0,154.3,242.0,vegetarian,0.0,low,tropical,0.53,3810.9
3,79335,detached_house,20,2,15817.0,4665.0,466.0,106.3,860.0,omnivore,0.0,medium,tropical,0.48,16215.6
1,54610,apartment,38,0,0.0,3712.0,0.0,76.8,418.0,omnivore,0.0,low,temperate,0.29,3853.0
3,144296,townhouse,5,3,8783.0,4877.0,297.0,65.5,827.0,omnivore,106.0,medium,temperate,0.08,13980.2
7,77300,apartment,30,0,0.0,3173.0,0.0,227.8,1442.0,omnivore,0.0,medium,tropical,0.11,17952.6
3,121398,apartment,33,2,6246.0,4140.0,0.0,195.7,922.0,omnivore,0.0,medium,temperate,0.12,9265.1
7,110716,detached_house,37,2,17242.0,9241.0,200.0,237.0,1128.0,vegetarian,0.0,high,tropical,0.54,19076.5
4,84100,apartment,10,1,7482.0,6192.0,0.0,244.4,457.0,reduced_meat,0.0,medium,temperate,0.49,10228.3
5,133051,apartment,39,0,0.0,3694.0,0.0,279.6,1176.0,reduced_meat,0.0,medium,tropical,0.28,10940.9
4,19937,detached_house,18,1,10362.0,3938.0,435.0,148.8,910.0,omnivore,1868.0,high,arid,0.3,18209.1
2,138221,apartment,17,3,23010.0,232.0,0.0,160.8,384.0,omnivore,963.0,high,tropical,0.58,7647.6
6,127653,townhouse,17,3,4958.0,5788.0,310.0,273.8,1041.0,reduced_meat,0.0,high,tropical,0.2,15049.9
7,75942,apartment,27,3,35815.0,7944.0,0.0,275.9,659.0,omnivore,0.0,low,arid,0.26,24331.1
2,110222,semi_detached,28,0,0.0,2897.0,373.0,153.8,432.0,omnivore,0.0,low,temperate,0.32,8377.7
6,78425,detached_house,21,2,28431.0,6846.0,192.0,123.7,1103.0,omnivore,0.0,low,temperate,0.12,24922.1
2,40899,semi_detached,7,0,0.0,3100.0,220.0,246.3,476.0,omnivore,0.0,medium,tropical,0.15,8090.2
6,120140,detached_house,39,2,18322.0,1795.0,375.0,188.2,1402.0,reduced_meat,0.0,low,arid,0.14,20113.7
6,37491,detached_house,12,1,13649.0,6999.0,331.0,273.9,737.0,omnivore,0.0,high,temperate,0.56,20080.1
4,47716,townhouse,8,2,29777.0,2710.0,241.0,269.1,1091.0,omnivore,408.0,medium,tropical,0.54,18906.6
6,78278,apartment,25,2,25935.0,6412.0,0.0,331.8,1590.0,vegetarian,0.0,medium,tropical,0.27,15108.3
2,125737,apartment,19,3,17114.0,2283.0,0.0,167.1,686.0,vegan,1426.0,medium,tropical,0.21,6832.2
1,58081,semi_detached,26,1,9705.0,2908.0,251.0,112.2,416.0,omnivore,0.0,medium,tropical,0.16,7130.5
1,74525,semi_detached,35,1,10538.0,2555.0,167.0,176.0,480.0,omnivore,0.0,medium,tropical,0.25,6463.3
4,7016,apartment,8,2,5333.0,5188.0,0.0,190.9,774.0,reduced_meat,0.0,high,tropical,0.27,10477.2
7,18085,apartment,14,0,0.0,7555.0,0.0,219.0,1153.0,omnivore,1685.0,low,arid,0.24,20159.5
1,9147,townhouse,23,0,0.0,3006.0,279.0,161.1,525.0,omnivore,0.0,high,temperate,0.41,5220.1
4,11551,semi_detached,32,2,22480.0,3542.0,130.0,283.5,788.0,omnivore,0.0,low,temperate,0.19,16010.3
5,130383,townhouse,26,3,42471.0,3801.0,419.0,312.2,719.0,omnivore,2240.0,medium,temperate,0.22,20556.7
2,126425,detached_house,18,2,19280.0,2701.0,0.0,171.5,477.0,vegan,0.0,high,tropical,0.32,8158.2
6,123425,semi_detached,26,3,26231.0,4805.0,246.0,344.0,1162.0,reduced_meat,870.0,low,continental,0.2,20470.8
3,9090,apartment,39,0,0.0,3264.0,0.0,190.4,474.0,vegan,0.0,low,temperate,0.18,4592.0
6,12384,townhouse,21,1,6145.0,7342.0,318.0,309.8,779.0,reduced_meat,0.0,medium,arid,0.36,18541.8
5,42667,apartment,35,2,11254.0,5502.0,0.0,158.8,693.0,reduced_meat,0.0,medium,tropical,0.0,11799.6
4,85142,semi_detached,32,1,13432.0,2062.0,435.0,198.3,637.0,reduced_meat,0.0,low,arid,0.49,13481.5
2,50652,apartment,15,0,0.0,3052.0,0.0,135.8,706.0,reduced_meat,0.0,low,arid,0.27,6081.5
4,73543,detached_house,13,0,0.0,6135.0,370.0,120.9,859.0,omnivore,0.0,low,temperate,0.34,14984.5
6,26610,semi_detached,31,3,37164.0,6585.0,323.0,181.7,588.0,omnivore,0.0,medium,temperate,0.36,24070.5
1,109832,detached_house,12,2,17391.0,5071.0,95.0,74.3,496.0,omnivore,0.0,low,continental,0.14,10643.3
6,47632,townhouse,16,1,10189.0,8124.0,528.0,274.2,1149.0,omnivore,0.0,high,continental,0.21,21929.3
4,10727,apartment,13,1,10611.0,4789.0,0.0,202.1,941.0,omnivore,0.0,high,arid,0.2,13492.6
6,111609,detached_house,26,0,0.0,7073.0,350.0,318.8,759.0,omnivore,0.0,low,continental,0.21,20067.1
5,135496,apartment,15,3,27869.0,5871.0,0.0,303.7,1385.0,reduced_meat,0.0,medium,continental,0.35,16014.9
4,2990,apartment,28,0,0.0,4005.0,0.0,184.9,683.0,omnivore,458.0,low,tropical,0.16,9735.7
3,65951,apartment,37,3,30249.0,2004.0,0.0,131.5,621.0,omnivore,0.0,medium,arid,0.34,12362.1
5,124214,apartment,34,0,0.0,7009.0,0.0,296.9,979.0,omnivore,0.0,low,tropical,0.0,14401.1
1,106159,apartment,38,1,6084.0,2012.0,0.0,168.9,346.0,omnivore,0.0,high,tropical,0.29,4149.9
5,128596,semi_detached,5,1,16555.0,4250.0,292.0,327.0,1278.0,vegan,0.0,medium,tropical,0.43,13035.7
1,62749,semi_detached,20,3,31933.0,2260.0,232.0,110.2,403.0,omnivore,0.0,medium,tropical,0.22,10381.9
5,56341,semi_detached,12,0,0.0,3240.0,219.0,345.7,884.0,omnivore,0.0,medium,tropical,0.13,13393.0
5,106609,apartment,37,1,3371.0,7478.0,0.0,169.7,1010.0,omnivore,0.0,high,tropical,0.25,15327.0
1,23719,apartment,29,1,6121.0,3653.0,0.0,130.4,447.0,vegetarian,74.0,medium,tropical,0.0,4391.9
6,36521,apartment,16,1,13333.0,5355.0,0.0,346.8,1178.0,reduced_meat,305.0,low,temperate,0.1,15504.8
3,90445,semi_detached,24,0,0.0,3004.0,394.0,183.9,664.0,omnivore,0.0,high,temperate,0.51,11061.9
6,100533,townhouse,26,3,6905.0,1421.0,306.0,178.5,730.0,omnivore,1990.0,medium,continental,0.16,17016.7
1,18655,apartment,22,1,12634.0,2570.0,0.0,149.1,474.0,reduced_meat,0.0,medium,tropical,0.18,5354.0
2,76639,semi_detached,21,1,7097.0,3855.0,269.0,148.9,642.0,vegetarian,283.0,medium,tropical,0.0,9097.6
4,55245,apartment,6,1,13940.0,4299.0,0.0,142.0,743.0,omnivore,0.0,medium,temperate,0.01,13706.6
2,75660,apartment,20,3,26078.0,3061.0,0.0,190.9,452.0,omnivore,0.0,low,tropical,0.43,10231.8
3,143797,apartment,17,1,9716.0,6834.0,0.0,231.4,502.0,omnivore,495.0,low,continental,0.34,11626.4
5,12230,apartment,33,1,13126.0,5071.0,0.0,263.6,1542.0,omnivore,0.0,medium,temperate,0.06,17314.8
2,149323,semi_detached,35,1,5859.0,2100.0,109.0,108.0,529.0,reduced_meat,0.0,medium,arid,0.16,7634.6
5,67877,townhouse,31,1,5525.0,6360.0,102.0,194.3,498.0,vegan,0.0,high,tropical,0.35,10003.3
1,115998,apartment,6,0,0.0,5283.0,0.0,113.4,403.0,vegan,0.0,high,tropical,0.17,3620.8
2,64131,detached_house,34,2,23790.0,4741.0,202.0,140.0,184.0,reduced_meat,0.0,high,arid,0.05,14086.7
5,47195,semi_detached,18,0,0.0,5108.0,336.0,168.1,1233.0,omnivore,79.0,high,tropical,0.33,15172.8
6,115773,townhouse,19,0,0.0,3507.0,394.0,195.7,1167.0,vegan,498.0,high,temperate,0.44,10821.9
2,103399,detached_house,38,0,0.0,1393.0,147.0,147.0,468.0,omnivore,175.0,low,arid,0.34,7076.5
3,22293,apartment,35,1,6890.0,4788.0,0.0,201.1,725.0,omnivore,0.0,medium,tropical,0.38,9552.0
7,106046,detached_house,6,3,22882.0,6084.0,501.0,339.8,1019.0,reduced_meat,0.0,medium,tropical,0.02,23182.4
7,113159,apartment,17,2,5002.0,5205.0,0.0,448.7,619.0,omnivore,0.0,medium,tropical,0.26,18762.7
5,58665,townhouse,31,3,19871.0,6958.0,250.0,252.6,873.0,vegetarian,0.0,low,tropical,0.21,15537.6
4,138906,apartment,23,1,8974.0,6006.0,0.0,224.2,627.0,vegan,372.0,medium,temperate,0.24,8510.1
3,96420,semi_detached,14,3,36769.0,5720.0,239.0,168.3,488.0,reduced_meat,0.0,medium,arid,0.22,17719.7
5,50577,apartment,23,0,0.0,7383.0,0.0,312.7,1082.0,reduced_meat,349.0,medium,temperate,0.15,12545.7
5,2400,apartment,35,2,29602.0,6588.0,0.0,224.2,903.0,omnivore,0.0,high,tropical,0.0,17219.7
3,101504,townhouse,12,3,19812.0,5283.0,207.0,160.5,585.0,omnivore,0.0,medium,tropical,0.42,13584.8
1,31991,detached_house,31,2,13218.0,3070.0,431.0,55.9,427.0,reduced_meat,0.0,medium,temperate,0.3,9211.3
2,113673,apartment,30,3,43142.0,6286.0,0.0,184.2,584.0,reduced_meat,280.0,medium,temperate,0.03,13773.5
7,79143,townhouse,35,1,9740.0,3856.0,175.0,319.3,1711.0,vegetarian,0.0,medium,temperate,0.32,18796.6
3,70435,townhouse,15,0,0.0,7264.0,249.0,83.2,844.0,omnivore,0.0,low,arid,0.18,13221.1
4,25231,apartment,12,3,25371.0,5685.0,0.0,225.7,589.0,omnivore,0.0,medium,temperate,0.19,15307.2
4,106956,detached_house,24,0,0.0,5675.0,286.0,269.0,981.0,omnivore,0.0,medium,tropical,0.13,14829.7
6,25553,detached_house,23,3,42395.0,9070.0,280.0,356.1,705.0,reduced_meat,222.0,medium,tropical,0.33,25705.1
1,63128,detached_house,19,2,12282.0,5219.0,399.0,99.0,423.0,reduced_meat,485.0,low,temperate,0.13,10625.2
1,125576,apartment,32,3,26554.0,4232.0,0.0,91.9,600.0,vegan,0.0,high,tropical,0.19,6835.4
2,138118,apartment,32,1,9316.0,2239.0,0.0,112.4,540.0,omnivore,0.0,high,temperate,0.52,6800.1
4,148378,townhouse,13,3,16644.0,7148.0,398.0,204.0,977.0,omnivore,160.0,medium,tropical,0.22,18439.9
5,143735,townhouse,32,0,0.0,4130.0,450.0,225.4,1173.0,omnivore,0.0,medium,tropical,0.23,14540.4
4,83750,semi_detached,13,1,9019.0,6155.0,294.0,124.1,933.0,omnivore,0.0,medium,tropical,0.35,13874.4
4,30711,townhouse,19,0,0.0,4348.0,422.0,206.1,686.0,omnivore,0.0,high,temperate,0.25,13213.3
7,125989,semi_detached,5,3,39678.0,8171.0,123.0,208.2,845.0,reduced_meat,0.0,medium,temperate,0.18,24074.4
2,120403,semi_detached,16,2,15696.0,3000.0,386.0,180.6,685.0,omnivore,0.0,high,tropical,0.4,10430.7
5,148555,semi_detached,38,3,24753.0,5846.0,207.0,219.1,1010.0,omnivore,0.0,high,tropical,0.12,20500.6
4,97921,detached_house,20,3,33975.0,4496.0,102.0,238.5,806.0,reduced_meat,112.0,medium,tropical,0.28,17314.8
4,21926,detached_house,29,1,6952.0,7723.0,165.0,181.0,1003.0,vegetarian,5183.0,medium,tropical,0.14,14816.5
6,75833,apartment,8,0,0.0,8516.0,0.0,279.9,684.0,omnivore,0.0,medium,temperate,0.38,15854.7
2,67678,detached_house,27,3,26077.0,3416.0,201.0,134.0,459.0,omnivore,0.0,medium,tropical,0.33,13497.6
7,126567,apartment,18,1,5607.0,5309.0,0.0,259.9,1365.0,reduced_meat,0.0,medium,tropical,0.31,14250.1
3,59371,apartment,31,0,0.0,3401.0,0.0,167.9,753.0,reduced_meat,0.0,high,tropical,0.11,7096.3
4,49826,detached_house,37,3,42194.0,6405.0,45.0,243.8,841.0,vegetarian,22.0,low,arid,0.23,22487.1
4,12743,apartment,23,3,25358.0,4484.0,0.0,240.1,895.0,omnivore,702.0,low,temperate,0.07,16332.0
6,125450,apartment,8,1,14741.0,5853.0,0.0,261.3,1149.0,omnivore,0.0,medium,temperate,0.24,18315.3
4,113495,semi_detached,21,3,21607.0,6475.0,174.0,271.7,798.0,vegetarian,0.0,high,arid,0.0,15549.2
2,6951,townhouse,9,0,0.0,2803.0,300.0,153.5,831.0,omnivore,0.0,medium,continental,0.02,9178.9
1,65519,apartment,20,0,0.0,3348.0,0.0,101.9,478.0,omnivore,0.0,medium,tropical,0.43,4006.8
3,72373,apartment,7,1,5299.0,2242.0,0.0,244.9,349.0,vegan,0.0,medium,temperate,0.31,5058.8
6,70823,apartment,27,2,4715.0,6425.0,0.0,284.5,897.0,omnivore,9.0,medium,arid,0.2,16344.0
1,137904,semi_detached,15,0,0.0,5526.0,431.0,137.6,541.0,reduced_meat,200.0,high,tropical,0.21,7297.2
7,23280,semi_detached,12,0,0.0,4994.0,212.0,165.2,1371.0,vegetarian,484.0,high,temperate,0.19,15106.9
4,46506,apartment,5,2,17855.0,6022.0,0.0,193.3,758.0,omnivore,64.0,high,arid,0.38,14092.0
1,27794,semi_detached,36,3,20848.0,2281.0,298.0,122.8,517.0,reduced_meat,0.0,high,temperate,0.3,8717.1
3,37217,apartment,34,2,19877.0,3541.0,0.0,199.1,955.0,omnivore,0.0,low,tropical,0.48,11940.7
4,136139,apartment,33,3,17019.0,4662.0,0.0,200.5,642.0,vegetarian,471.0,medium,tropical,0.22,10747.1
3,141155,townhouse,7,3,25111.0,4933.0,309.0,257.6,656.0,vegetarian,0.0,medium,temperate,0.26,13932.5
1,7461,apartment,17,2,21149.0,3953.0,0.0,154.5,475.0,vegetarian,0.0,medium,tropical,0.04,7242.7
5,95108,apartment,38,2,10942.0,5914.0,0.0,386.3,681.0,omnivore,0.0,low,tropical,0.2,14478.2
5,35541,apartment,25,3,19649.0,4924.0,0.0,410.4,982.0,reduced_meat,0.0,high,tropical,0.38,13694.2
1,29530,detached_house,9,1,7784.0,1429.0,183.0,51.5,594.0,vegetarian,0.0,low,tropical,0.19,5731.9
2,44375,townhouse,9,0,0.0,2390.0,274.0,167.4,505.0,reduced_meat,0.0,medium,temperate,0.18,7110.7
2,29802,townhouse,14,3,22563.0,4021.0,265.0,111.3,607.0,reduced_meat,349.0,medium,arid,0.3,12705.4
5,73937,apartment,39,1,9416.0,7499.0,0.0,160.8,1055.0,omnivore,33.0,high,continental,0.58,16143.7
6,149345,apartment,10,3,22805.0,6776.0,0.0,233.4,1343.0,vegetarian,0.0,high,tropical,0.37,15274.2
6,88297,semi_detached,36,1,8050.0,4236.0,407.0,371.7,888.0,omnivore,487.0,medium,tropical,0.42,18391.6
7,108707,apartment,28,3,26791.0,10026.0,0.0,310.5,1112.0,omnivore,0.0,high,tropical,0.44,23514.5
6,74398,townhouse,37,0,0.0,7003.0,446.0,296.1,1325.0,vegetarian,0.0,high,tropical,0.51,13767.5
3,2874,semi_detached,33,2,22837.0,1683.0,243.0,181.9,791.0,vegetarian,0.0,medium,temperate,0.16,12291.0
1,13350,apartment,16,1,14026.0,2520.0,0.0,223.1,534.0,vegan,0.0,high,tropical,0.32,4600.2
5,40915,semi_detached,33,1,7375.0,7209.0,530.0,187.9,1425.0,omnivore,0.0,low,tropical,0.22,20566.2
7,37155,apartment,10,1,10698.0,9942.0,0.0,185.7,1286.0,omnivore,0.0,medium,temperate,0.33,18162.4
7,126214,apartment,15,3,24484.0,5680.0,0.0,388.3,1654.0,omnivore,0.0,low,arid,0.37,23505.4
2,126663,detached_house,12,1,10279.0,4278.0,305.0,181.6,642.0,omnivore,0.0,medium,tropical,0.27,10992.0
2,128234,detached_house,9,3,43441.0,1441.0,350.0,127.2,388.0,vegetarian,204.0,medium,temperate,0.38,15324.3
1,95928,semi_detached,8,1,10780.0,2785.0,308.0,90.1,479.0,reduced_meat,0.0,low,arid,0.17,7852.8
1,83781,semi_detached,11,0,0.0,4390.0,402.0,176.7,214.0,omnivore,539.0,medium,temperate,0.38,6968.9
4,97653,townhouse,9,3,31767.0,4155.0,218.0,327.2,826.0,omnivore,222.0,medium,temperate,0.4,17128.3
4,61495,townhouse,18,0,0.0,5428.0,182.0,278.5,1010.0,omnivore,0.0,medium,tropical,0.35,12109.6
3,100794,detached_house,7,1,8224.0,3844.0,223.0,120.0,669.0,vegetarian,1126.0,low,tropical,0.27,10625.0
3,119330,apartment,7,3,37454.0,5948.0,0.0,136.4,679.0,reduced_meat,387.0,low,tropical,0.36,14331.8
6,114625,semi_detached,39,3,19754.0,7116.0,274.0,243.7,665.0,omnivore,0.0,medium,temperate,0.12,21843.4
4,92383,townhouse,8,3,11402.0,5621.0,385.0,230.6,899.0,omnivore,0.0,high,arid,0.38,16210.3
6,9469,apartment,7,1,9494.0,9428.0,0.0,228.8,1312.0,omnivore,282.0,high,temperate,0.4,19329.0
7,108962,detached_house,6,3,8557.0,6580.0,183.0,372.1,964.0,omnivore,0.0,medium,arid,0.05,23125.3
3,55497,apartment,9,1,8161.0,4211.0,0.0,226.4,917.0,vegetarian,0.0,high,tropical,0.42,6906.3
2,111755,apartment,23,2,27008.0,3755.0,0.0,215.8,513.0,reduced_meat,685.0,medium,tropical,0.06,10177.5
7,81297,semi_detached,33,2,4632.0,6995.0,544.0,418.1,1301.0,omnivore,0.0,high,tropical,0.29,22971.8
5,132272,apartment,30,0,0.0,3603.0,0.0,260.7,752.0,reduced_meat,0.0,low,tropical,0.26,9280.1
3,51297,semi_detached,25,1,5388.0,2209.0,358.0,261.4,873.0,omnivore,0.0,medium,arid,0.14,12404.2
5,139764,semi_detached,7,1,8778.0,4296.0,139.0,258.3,715.0,omnivore,0.0,medium,continental,0.26,15330.6
4,126796,semi_detached,32,1,7720.0,6215.0,300.0,282.4,637.0,reduced_meat,0.0,medium,tropical,0.26,13605.6
7,50201,apartment,6,1,13897.0,8534.0,0.0,266.2,1230.0,omnivore,0.0,low,temperate,0.13,22166.4
2,72799,apartment,27,2,24680.0,3830.0,0.0,119.6,701.0,omnivore,0.0,low,tropical,0.34,10353.9
7,80077,semi_detached,19,0,0.0,7538.0,429.0,302.8,1137.0,vegetarian,0.0,medium,temperate,0.14,16261.8
7,115479,semi_detached,35,0,0.0,7072.0,577.0,334.4,1142.0,vegetarian,70.0,medium,tropical,0.59,17559.1
2,103622,detached_house,15,3,31129.0,4093.0,186.0,160.8,487.0,omnivore,426.0,high,temperate,0.33,13422.4
2,127920,townhouse,27,1,5983.0,4338.0,177.0,187.2,340.0,reduced_meat,0.0,low,tropical,0.07,8001.5
4,55984,apartment,20,2,24000.0,4253.0,0.0,180.6,1120.0,omnivore,0.0,high,tropical,0.2,13844.6
1,76114,townhouse,23,2,10216.0,4906.0,493.0,124.2,185.0,reduced_meat,1316.0,medium,arid,0.42,10072.8
3,65085,apartment,37,2,23848.0,4630.0,0.0,133.8,711.0,omnivore,0.0,high,tropical,0.29,10442.5
4,136505,apartment,29,1,13151.0,2996.0,0.0,280.0,874.0,reduced_meat,0.0,low,tropical,0.05,10594.2
7,46303,detached_house,19,1,9738.0,6908.0,304.0,297.6,827.0,omnivore,0.0,high,tropical,0.48,24609.1
7,88398,apartment,20,3,25150.0,8678.0,0.0,290.3,1248.0,vegetarian,0.0,high,continental,0.29,18554.6
2,18728,apartment,29,3,31203.0,3586.0,0.0,142.3,256.0,vegetarian,0.0,high,tropical,0.45,9265.6
7,127660,apartment,17,1,0.0,10166.0,0.0,241.3,1270.0,omnivore,202.0,high,arid,0.49,20250.9
1,58125,apartment,10,2,20116.0,3822.0,0.0,156.7,360.0,reduced_meat,0.0,medium,temperate,0.29,7150.0
6,51616,semi_detached,21,3,25810.0,2002.0,373.0,414.7,979.0,omnivore,2125.0,high,temperate,0.71,22259.2
6,87771,apartment,7,0,0.0,7104.0,0.0,406.4,876.0,reduced_meat,109.0,medium,tropical,0.0,12758.3
7,75223,semi_detached,10,3,34419.0,5080.0,272.0,279.8,1079.0,omnivore,146.0,medium,arid,0.13,29045.9
2,127318,semi_detached,19,1,8738.0,2967.0,301.0,176.7,700.0,omnivore,0.0,high,tropical,0.31,9669.2
7,80086,apartment,32,3,15028.0,8335.0,0.0,239.1,983.0,reduced_meat,0.0,medium,arid,0.59,19607.0
1,77935,apartment,32,2,17010.0,3522.0,0.0,131.2,561.0,omnivore,0.0,medium,tropical,0.52,6588.4
4,16462,townhouse,14,3,27709.0,4493.0,370.0,176.7,887.0,omnivore,292.0,high,temperate,0.54,17166.4
4,4073,semi_detached,19,0,0.0,5926.0,396.0,194.8,1002.0,omnivore,913.0,medium,temperate,0.13,13439.3
3,60264,detached_house,10,0,0.0,3903.0,276.0,193.0,397.0,omnivore,356.0,low,tropical,0.15,11623.5
1,149732,semi_detached,31,3,37913.0,2926.0,215.0,119.0,603.0,omnivore,0.0,medium,tropical,0.13,11855.0
6,137666,apartment,13,2,10398.0,10517.0,0.0,255.5,1016.0,reduced_meat,0.0,high,tropical,0.23,15903.2
3,94643,apartment,32,2,19230.0,2998.0,0.0,215.8,477.0,reduced_meat,0.0,high,arid,0.57,9053.3
5,94920,semi_detached,34,0,0.0,5649.0,129.0,364.4,967.0,omnivore,1077.0,low,tropical,0.21,15432.8
3,59212,apartment,29,0,0.0,3028.0,0.0,270.9,539.0,omnivore,0.0,medium,arid,0.23,8186.6
3,27283,semi_detached,16,3,28886.0,2467.0,290.0,89.9,848.0,reduced_meat,60.0,medium,arid,0.37,14351.7
7,2075,detached_house,38,1,6951.0,4289.0,239.0,281.8,969.0,reduced_meat,7.0,medium,continental,0.0,20158.7
1,51357,semi_detached,29,2,15405.0,4893.0,478.0,58.5,671.0,vegetarian,0.0,medium,tropical,0.26,10300.6
6,48017,detached_house,27,1,5833.0,7816.0,358.0,332.5,962.0,omnivore,291.0,high,tropical,0.19,21374.8
6,29387,apartment,34,1,8407.0,5078.0,0.0,293.0,1178.0,omnivore,407.0,medium,tropical,0.21,15480.7
3,39467,apartment,35,0,0.0,2793.0,0.0,258.6,688.0,reduced_meat,0.0,medium,arid,0.16,7341.7
2,4503,apartment,7,3,13723.0,2857.0,0.0,122.3,865.0,omnivore,0.0,medium,tropical,0.15,8469.2
1,91507,semi_detached,35,3,14719.0,5341.0,188.0,150.3,384.0,omnivore,0.0,medium,tropical,0.28,9121.2
7,139177,apartment,31,0,0.0,4807.0,0.0,265.3,1740.0,omnivore,0.0,medium,tropical,0.28,16396.8
7,103867,apartment,12,1,15046.0,10408.0,0.0,267.1,1637.0,vegetarian,0.0,low,temperate,0.22,16825.1
2,67672,apartment,15,2,14764.0,4531.0,0.0,121.8,907.0,omnivore,1909.0,low,continental,0.31,10108.3
1,63504,apartment,31,1,8910.0,3781.0,0.0,62.6,572.0,reduced_meat,0.0,high,tropical,0.22,4933.2
1,46684,semi_detached,12,2,15181.0,1326.0,261.0,80.3,521.0,reduced_meat,0.0,low,tropical,0.35,7895.4
1,22046,apartment,20,1,5695.0,4255.0,0.0,93.0,891.0,omnivore,0.0,medium,tropical,0.22,5636.8
6,90092,townhouse,29,0,0.0,5133.0,355.0,361.0,1086.0,vegetarian,491.0,high,tropical,0.28,13012.4
7,85325,apartment,27,1,17604.0,7776.0,0.0,268.2,599.0,reduced_meat,724.0,low,continental,0.13,19395.1
2,1891,semi_detached,36,2,27744.0,2623.0,356.0,154.4,687.0,omnivore,0.0,low,tropical,0.21,13588.7
6,62795,apartment,8,0,0.0,3866.0,0.0,114.3,1224.0,reduced_meat,19.0,medium,temperate,0.53,10425.9
2,42280,apartment,15,3,33800.0,4571.0,0.0,120.1,540.0,omnivore,1129.0,medium,continental,0.24,12446.5
3,26206,townhouse,39,0,0.0,4066.0,242.0,183.2,515.0,omnivore,165.0,medium,arid,0.08,11106.7
5,105692,townhouse,24,0,0.0,5501.0,429.0,202.9,762.0,reduced_meat,0.0,medium,tropical,0.39,13389.8
6,79253,townhouse,13,2,25137.0,5108.0,98.0,350.5,466.0,reduced_meat,0.0,low,arid,0.18,19608.8
7,95358,apartment,15,2,26121.0,6423.0,0.0,250.2,1646.0,omnivore,0.0,low,tropical,0.29,21709.0
1,107251,apartment,16,1,12661.0,4848.0,0.0,150.7,442.0,vegan,0.0,low,tropical,0.16,5684.7
2,147285,semi_detached,24,1,7355.0,4057.0,209.0,127.7,586.0,reduced_meat,0.0,medium,continental,0.44,8839.4
2,120572,apartment,14,0,0.0,2950.0,0.0,191.6,613.0,reduced_meat,0.0,medium,tropical,0.16,4685.5
3,93357,semi_detached,26,2,23248.0,5294.0,144.0,297.3,595.0,omnivore,255.0,high,tropical,0.56,12309.5
7,131950,detached_house,20,1,10370.0,5529.0,495.0,257.8,1290.0,omnivore,0.0,low,tropical,0.09,24754.0
6,72043,detached_house,26,0,0.0,3301.0,290.0,289.2,1072.0,omnivore,0.0,medium,tropical,0.21,18381.5
3,147727,semi_detached,10,1,3333.0,5594.0,306.0,83.7,827.0,reduced_meat,0.0,medium,arid,0.46,11572.3
7,114405,semi_detached,26,3,28196.0,2605.0,463.0,359.1,915.0,omnivore,0.0,medium,temperate,0.28,23487.5
4,97911,apartment,37,1,12777.0,5190.0,0.0,199.2,799.0,reduced_meat,491.0,medium,arid,0.59,11214.4
4,135576,apartment,9,3,14425.0,3996.0,0.0,234.7,468.0,omnivore,0.0,low,tropical,0.21,13728.8
4,77649,detached_house,16,1,11236.0,5321.0,222.0,155.4,454.0,reduced_meat,0.0,medium,tropical,0.29,14557.5
2,108327,detached_house,29,0,0.0,4047.0,359.0,157.0,918.0,vegetarian,0.0,medium,tropical,0.54,7915.3
7,43281,apartment,26,1,11626.0,6770.0,0.0,363.5,1716.0,reduced_meat,0.0,high,arid,0.12,18806.8
1,144511,apartment,28,1,12052.0,2499.0,0.0,185.1,521.0,reduced_meat,122.0,low,temperate,0.0,5946.4
2,93806,semi_detached,24,0,0.0,4702.0,294.0,151.3,574.0,vegetarian,0.0,high,arid,0.23,8478.0
2,117475,semi_detached,28,2,6681.0,3972.0,122.0,86.1,493.0,omnivore,8.0,medium,temperate,0.37,7706.4
2,69542,detached_house,26,1,7133.0,2045.0,494.0,207.8,563.0,reduced_meat,1008.0,medium,temperate,0.01,10964.7
1,130126,apartment,7,2,24224.0,2777.0,0.0,131.1,407.0,vegan,0.0,low,tropical,0.34,7039.9
1,11867,apartment,31,1,7103.0,4320.0,0.0,192.8,420.0,reduced_meat,92.0,medium,arid,0.33,5324.2
5,17824,detached_house,20,1,6571.0,8481.0,216.0,257.2,772.0,omnivore,880.0,high,temperate,0.65,17696.0
7,76461,apartment,6,1,2625.0,8188.0,0.0,399.1,953.0,vegan,0.0,medium,continental,0.41,12522.1
1,110076,detached_house,19,0,0.0,1636.0,168.0,116.1,481.0,omnivore,860.0,medium,tropical,0.3,4865.2
3,121535,semi_detached,20,2,23780.0,4806.0,422.0,237.9,897.0,omnivore,0.0,low,arid,0.45,18508.6
4,66461,apartment,8,0,0.0,6510.0,0.0,215.1,740.0,omnivore,1738.0,medium,tropical,0.33,10481.5
7,97731,apartment,39,2,24774.0,5394.0,0.0,353.8,1005.0,omnivore,538.0,high,temperate,0.28,22099.6
5,83323,apartment,12,3,33055.0,5852.0,0.0,350.6,933.0,omnivore,0.0,medium,continental,0.08,19754.0
6,144259,townhouse,16,3,24435.0,5172.0,248.0,263.8,1034.0,omnivore,0.0,high,continental,0.26,22285.6
5,98392,detached_house,20,1,8427.0,7185.0,185.0,224.8,1281.0,vegetarian,0.0,high,tropical,0.34,15389.7
3,62993,apartment,34,1,7504.0,4095.0,0.0,197.2,688.0,omnivore,169.0,medium,tropical,0.28,9112.1
2,145496,townhouse,31,3,54665.0,541.0,277.0,171.8,640.0,omnivore,0.0,medium,temperate,0.0,17452.2
7,16802,detached_house,31,1,10946.0,4988.0,554.0,230.3,676.0,vegetarian,551.0,medium,arid,0.22,21374.6
6,147699,detached_house,13,1,7377.0,6164.0,467.0,241.7,954.0,vegetarian,912.0,medium,continental,0.25,18193.7
1,23778,townhouse,34,3,31888.0,3675.0,91.0,85.5,632.0,omnivore,0.0,low,tropical,0.33,11351.4
6,43803,apartment,34,3,16386.0,2906.0,0.0,307.3,1529.0,omnivore,62.0,high,temperate,0.59,16465.2
1,123363,apartment,21,3,42797.0,4263.0,0.0,101.5,522.0,reduced_meat,459.0,high,temperate,0.38,10795.6
6,110276,detached_house,24,0,0.0,8941.0,290.0,328.0,1160.0,vegetarian,56.0,medium,tropical,0.11,16351.3
6,145576,apartment,6,3,32261.0,6764.0,0.0,192.5,1500.0,reduced_meat,24.0,high,tropical,0.08,17651.1
1,112697,semi_detached,31,0,0.0,2888.0,660.0,163.5,224.0,omnivore,0.0,high,temperate,0.45,7224.0
4,95841,apartment,38,2,20693.0,5849.0,0.0,96.2,930.0,reduced_meat,1107.0,medium,tropical,0.12,13163.4
1,52496,apartment,21,3,27992.0,5463.0,0.0,131.7,428.0,reduced_meat,921.0,high,temperate,0.48,8488.4
4,1503,apartment,23,2,18076.0,3445.0,0.0,133.1,945.0,reduced_meat,0.0,medium,arid,0.46,11706.7
7,19281,apartment,22,3,26407.0,7799.0,0.0,235.5,1512.0,vegetarian,0.0,low,tropical,0.02,18621.4
1,45228,apartment,7,1,6982.0,1815.0,0.0,112.7,346.0,reduced_meat,0.0,low,tropical,0.33,3865.6
3,6909,apartment,26,1,7427.0,4602.0,0.0,141.5,1106.0,reduced_meat,0.0,medium,continental,0.44,8569.1
7,76620,townhouse,30,1,14179.0,6896.0,313.0,267.2,974.0,reduced_meat,0.0,high,temperate,0.5,18072.2
3,116779,apartment,37,1,8620.0,6685.0,0.0,205.6,759.0,reduced_meat,0.0,medium,temperate,0.0,9387.2
1,144517,apartment,37,2,12499.0,5046.0,0.0,133.3,475.0,omnivore,156.0,high,temperate,0.22,6550.6
4,73863,apartment,22,1,7193.0,4699.0,0.0,168.5,594.0,omnivore,0.0,medium,arid,0.06,12591.5
4,131350,apartment,38,2,25703.0,3519.0,0.0,174.0,902.0,reduced_meat,0.0,medium,continental,0.33,12902.8
5,147842,apartment,23,1,11365.0,8742.0,0.0,277.3,717.0,reduced_meat,1065.0,medium,arid,0.31,16156.1
3,129086,detached_house,27,1,10961.0,3827.0,309.0,178.5,628.0,omnivore,0.0,medium,arid,0.0,14909.3
7,70174,apartment,26,0,0.0,5364.0,0.0,391.4,1200.0,omnivore,165.0,low,tropical,0.2,16899.0
4,49328,townhouse,39,2,22014.0,1959.0,228.0,155.5,600.0,reduced_meat,0.0,low,tropical,0.37,13603.3
3,146705,townhouse,30,3,20243.0,5215.0,274.0,170.3,913.0,reduced_meat,761.0,low,temperate,0.27,14412.8
7,36893,apartment,9,3,24274.0,7794.0,0.0,275.6,1087.0,omnivore,0.0,low,tropical,0.27,23514.1
7,62207,apartment,7,1,12394.0,8950.0,0.0,371.4,1337.0,omnivore,0.0,low,temperate,0.2,22670.1
4,11845,apartment,19,1,12060.0,2684.0,0.0,239.6,869.0,omnivore,604.0,medium,continental,0.09,12257.5
1,119217,detached_house,23,2,11127.0,5159.0,157.0,150.4,494.0,vegan,0.0,medium,tropical,0.25,7196.6
5,97755,apartment,28,2,12011.0,5502.0,0.0,154.1,921.0,vegetarian,396.0,medium,tropical,0.26,11764.1
4,13455,townhouse,21,0,0.0,6883.0,272.0,213.7,1039.0,reduced_meat,0.0,high,temperate,0.44,12472.2
2,33911,semi_detached,23,2,30083.0,1509.0,124.0,131.7,579.0,omnivore,0.0,medium,tropical,0.35,13382.1
5,83674,semi_detached,37,0,0.0,7506.0,180.0,145.2,477.0,reduced_meat,0.0,high,temperate,0.36,13789.5
6,81429,detached_house,16,0,0.0,6977.0,253.0,309.1,1534.0,omnivore,0.0,medium,arid,0.41,22850.1
1,120467,townhouse,22,2,8368.0,2714.0,140.0,132.5,464.0,vegan,1567.0,low,tropical,0.19,5466.0
6,40501,apartment,24,0,0.0,8588.0,0.0,225.3,1250.0,omnivore,136.0,high,arid,0.13,20386.8
1,138765,apartment,21,1,7725.0,2154.0,0.0,143.6,449.0,omnivore,0.0,high,arid,0.42,4631.5
6,67115,apartment,38,2,15056.0,6300.0,0.0,303.5,1026.0,reduced_meat,962.0,medium,tropical,0.27,14733.9
3,123529,townhouse,38,2,14263.0,3293.0,248.0,149.6,537.0,omnivore,0.0,medium,tropical,0.32,11204.9
1,36366,detached_house,22,1,9025.0,844.0,364.0,87.8,311.0,reduced_meat,252.0,medium,tropical,0.06,6573.0
7,6316,semi_detached,20,0,0.0,6521.0,214.0,263.9,1024.0,reduced_meat,748.0,medium,temperate,0.52,15265.5
2,9014,apartment,25,3,11644.0,5624.0,0.0,180.2,824.0,omnivore,0.0,high,tropical,0.46,8553.2
5,56407,townhouse,11,3,35189.0,4970.0,444.0,176.8,1014.0,omnivore,0.0,medium,tropical,0.21,21594.1
2,143010,detached_house,19,3,34905.0,4265.0,406.0,195.3,641.0,reduced_meat,0.0,low,tropical,0.11,17085.1
7,8065,detached_house,12,2,23902.0,8283.0,372.0,250.2,1473.0,vegetarian,0.0,low,tropical,0.41,22767.7
6,55851,townhouse,10,1,3607.0,7882.0,411.0,258.4,1229.0,omnivore,0.0,low,tropical,0.08,22327.3
6,17104,apartment,8,3,30139.0,6265.0,0.0,141.3,948.0,omnivore,0.0,medium,temperate,0.59,19284.5
4,139789,apartment,25,1,11366.0,2703.0,0.0,298.0,847.0,reduced_meat,0.0,medium,tropical,0.16,10367.9
4,101555,detached_house,5,0,0.0,5606.0,347.0,276.9,1060.0,omnivore,0.0,high,temperate,0.61,12700.2
5,114593,apartment,27,3,27096.0,4419.0,0.0,200.2,839.0,reduced_meat,0.0,low,tropical,0.22,15337.9
6,107218,apartment,20,1,8593.0,9400.0,0.0,360.3,1198.0,reduced_meat,81.0,medium,tropical,0.49,14741.7
6,98828,apartment,17,3,46343.0,6360.0,0.0,154.8,1118.0,omnivore,0.0,low,tropical,0.14,23318.2
1,116239,apartment,31,1,15736.0,1711.0,0.0,68.7,273.0,reduced_meat,0.0,medium,temperate,0.25,5273.2
5,2012,townhouse,23,3,9524.0,6784.0,344.0,254.2,1272.0,omnivore,0.0,medium,continental,0.37,18631.7
1,129926,detached_house,30,2,35457.0,3558.0,263.0,18.1,482.0,omnivore,0.0,medium,tropical,0.35,12900.8
3,111187,apartment,29,1,5797.0,5140.0,0.0,186.8,843.0,reduced_meat,0.0,high,continental,0.52,8442.4
6,111123,apartment,6,1,12432.0,5542.0,0.0,347.1,900.0,vegetarian,752.0,high,tropical,0.28,12588.4
2,59500,apartment,12,3,37190.0,3128.0,0.0,226.0,488.0,reduced_meat,0.0,high,arid,0.36,11200.4
6,120290,detached_house,24,0,0.0,6401.0,545.0,217.3,971.0,omnivore,0.0,high,temperate,0.54,20077.8
4,57767,townhouse,39,1,10726.0,6221.0,225.0,213.9,995.0,reduced_meat,0.0,medium,tropical,0.14,13887.3
2,8105,townhouse,10,1,8624.0,2490.0,271.0,124.9,653.0,omnivore,0.0,medium,tropical,0.34,8085.9
3,136246,apartment,8,2,21880.0,3730.0,0.0,178.3,1015.0,omnivore,161.0,medium,tropical,0.22,11939.3
4,35792,apartment,37,1,9807.0,7158.0,0.0,211.0,732.0,omnivore,0.0,high,temperate,0.38,13339.9
6,16003,detached_house,38,2,26374.0,4708.0,212.0,320.7,1255.0,omnivore,0.0,low,tropical,0.26,23747.6
5,93587,detached_house,10,1,9264.0,2922.0,278.0,265.1,961.0,omnivore,0.0,low,temperate,0.13,17128.2
7,35661,detached_house,19,0,0.0,5299.0,402.0,509.5,871.0,vegetarian,42.0,low,tropical,0.21,16482.8
7,128832,semi_detached,26,0,0.0,5676.0,216.0,242.2,1667.0,omnivore,0.0,medium,continental,0.27,19909.8
6,67007,detached_house,11,2,22063.0,5947.0,395.0,260.8,1261.0,vegetarian,0.0,medium,tropical,0.23,18904.4
5,1471,apartment,16,1,11561.0,3703.0,0.0,183.2,904.0,reduced_meat,0.0,low,arid,0.49,12278.1
3,142796,apartment,18,1,6674.0,4032.0,0.0,201.2,850.0,omnivore,332.0,medium,tropical,0.4,9326.7
3,77582,apartment,27,2,10683.0,1881.0,0.0,196.6,949.0,omnivore,0.0,medium,tropical,0.29,9105.1
1,40036,apartment,15,1,7013.0,4893.0,0.0,152.1,262.0,omnivore,0.0,high,tropical,0.24,5182.9
3,101851,apartment,19,1,6827.0,3840.0,0.0,78.8,962.0,omnivore,0.0,low,temperate,0.13,9228.2
7,79967,semi_detached,15,0,0.0,10301.0,339.0,118.8,801.0,reduced_meat,0.0,low,tropical,0.55,17616.6
3,5217,apartment,31,1,12416.0,4366.0,0.0,211.8,725.0,vegan,0.0,medium,arid,0.1,9068.5
1,114139,apartment,10,2,16914.0,4662.0,0.0,103.0,152.0,vegetarian,0.0,medium,continental,0.27,6299.9
5,60682,detached_house,13,2,28016.0,5561.0,471.0,318.3,665.0,omnivore,0.0,high,tropical,0.4,24045.2
7,105212,semi_detached,13,3,41369.0,5842.0,505.0,250.9,899.0,omnivore,0.0,medium,tropical,0.2,31334.4
7,134428,apartment,36,3,29556.0,8132.0,0.0,289.1,1323.0,omnivore,210.0,high,tropical,0.2,22053.8
2,91903,semi_detached,38,0,0.0,4684.0,394.0,137.8,644.0,vegan,0.0,medium,tropical,0.13,6870.5
4,101004,townhouse,22,1,14514.0,7293.0,149.0,236.2,817.0,omnivore,1454.0,medium,tropical,0.17,16154.7
4,38793,detached_house,10,1,8786.0,4123.0,358.0,148.2,816.0,omnivore,447.0,high,temperate,0.24,15323.5
2,36258,semi_detached,31,2,18883.0,5891.0,151.0,140.9,495.0,reduced_meat,2478.0,low,tropical,0.45,10713.3
2,62718,apartment,22,1,7811.0,2381.0,0.0,185.4,505.0,reduced_meat,18.0,high,tropical,0.35,5935.5
2,128034,townhouse,34,3,17657.0,3790.0,329.0,203.6,649.0,omnivore,0.0,low,arid,0.17,12696.9
7,79009,apartment,17,1,3860.0,7252.0,0.0,278.4,946.0,reduced_meat,890.0,medium,tropical,0.27,16545.4
6,52726,townhouse,39,2,22430.0,6519.0,408.0,157.5,1213.0,omnivore,0.0,low,arid,0.35,24078.8
6,117117,detached_house,33,0,0.0,6888.0,360.0,369.0,673.0,omnivore,0.0,medium,continental,0.2,21693.3
6,128119,apartment,12,3,59125.0,5737.0,0.0,294.5,905.0,omnivore,0.0,high,tropical,0.49,24645.3
7,135457,apartment,30,3,15596.0,7878.0,0.0,345.5,1325.0,omnivore,0.0,low,arid,0.06,21864.8
1,45402,semi_detached,15,3,13797.0,1309.0,287.0,139.0,623.0,vegan,82.0,low,temperate,0.43,7073.1
7,106678,detached_house,17,1,10785.0,6695.0,119.0,284.8,953.0,omnivore,0.0,medium,temperate,0.25,23905.3
1,88875,apartment,13,0,0.0,1716.0,0.0,150.2,340.0,reduced_meat,160.0,medium,temperate,0.24,2562.3
4,67786,semi_detached,28,2,18452.0,4760.0,389.0,106.2,944.0,omnivore,0.0,medium,temperate,0.15,17725.4
5,60023,townhouse,14,1,11003.0,4847.0,210.0,255.8,1319.0,reduced_meat,0.0,high,arid,0.17,16075.4
3,17891,detached_house,27,3,7643.0,5064.0,405.0,133.5,784.0,vegan,0.0,low,arid,0.0,12121.8
2,41803,detached_house,25,2,13257.0,4032.0,433.0,119.9,697.0,omnivore,0.0,medium,temperate,0.14,13116.4
2,82810,apartment,31,2,10485.0,5095.0,0.0,177.8,738.0,vegan,0.0,medium,temperate,0.34,6455.3
6,133074,semi_detached,39,3,7102.0,4845.0,371.0,273.4,1358.0,reduced_meat,375.0,medium,temperate,0.11,16956.3
3,130058,apartment,5,3,28228.0,2260.0,0.0,146.8,738.0,reduced_meat,346.0,medium,tropical,0.02,11688.5
3,28788,townhouse,39,1,1150.0,6976.0,78.0,99.1,360.0,omnivore,0.0,high,temperate,0.21,9728.7
7,102154,apartment,8,0,0.0,5804.0,0.0,320.9,1222.0,reduced_meat,0.0,medium,tropical,0.19,15648.0
2,13453,detached_house,23,0,0.0,4226.0,243.0,104.5,678.0,omnivore,0.0,high,tropical,0.3,9143.0
7,101511,apartment,16,1,6090.0,6937.0,0.0,382.1,781.0,vegan,0.0,medium,tropical,0.23,10771.6
7,51815,apartment,27,2,20775.0,7341.0,0.0,250.5,1108.0,vegetarian,0.0,medium,tropical,0.4,15575.3
5,67917,semi_detached,30,0,0.0,4956.0,117.0,122.2,870.0,omnivore,0.0,high,temperate,0.54,12973.8
2,107871,detached_house,35,0,0.0,4357.0,346.0,57.3,662.0,vegetarian,0.0,high,tropical,0.65,7114.0
2,64193,detached_house,19,2,23267.0,4037.0,181.0,180.4,591.0,vegetarian,0.0,high,temperate,0.11,11152.8
2,121268,townhouse,37,3,38979.0,3254.0,409.0,98.4,457.0,reduced_meat,0.0,medium,arid,0.12,16004.7
5,80410,townhouse,16,0,0.0,4299.0,336.0,185.8,877.0,omnivore,624.0,high,tropical,0.45,14666.1
2,149812,townhouse,12,2,20124.0,3765.0,346.0,98.3,510.0,omnivore,0.0,high,tropical,0.28,11560.9
4,96025,apartment,18,0,0.0,4800.0,0.0,236.1,840.0,omnivore,0.0,high,arid,0.48,9748.6
1,45017,detached_house,23,2,18992.0,3403.0,208.0,138.2,516.0,omnivore,0.0,medium,temperate,0.28,10528.4
4,116472,townhouse,28,3,22829.0,8394.0,411.0,281.0,754.0,vegan,0.0,high,tropical,0.59,13520.1
1,61664,apartment,34,3,23509.0,4656.0,0.0,102.5,303.0,omnivore,0.0,medium,tropical,0.41,7761.8
5,80497,apartment,12,2,12277.0,8122.0,0.0,196.2,1035.0,reduced_meat,1733.0,high,tropical,0.51,13295.6
1,21213,semi_detached,15,2,20951.0,2817.0,192.0,64.7,496.0,reduced_meat,1438.0,medium,tropical,0.19,8782.3
2,18606,detached_house,37,3,26013.0,1079.0,341.0,109.0,490.0,reduced_meat,376.0,high,tropical,0.34,12242.9
2,86570,detached_house,20,2,13358.0,1725.0,591.0,148.1,734.0,omnivore,0.0,high,continental,0.3,12347.0
6,28654,townhouse,13,1,6682.0,8028.0,312.0,283.0,1069.0,reduced_meat,0.0,low,tropical,0.02,17302.0
1,149638,detached_house,39,3,14291.0,1878.0,475.0,152.2,574.0,reduced_meat,0.0,medium,tropical,0.47,8484.4
4,128466,apartment,20,2,24852.0,3678.0,0.0,253.3,915.0,reduced_meat,0.0,medium,temperate,0.36,12999.3
5,105371,apartment,39,3,27825.0,3149.0,0.0,146.1,1493.0,omnivore,0.0,high,temperate,0.3,17342.5
4,110417,apartment,37,2,11960.0,3818.0,0.0,208.6,1009.0,reduced_meat,0.0,high,tropical,0.55,9517.8
5,89605,apartment,36,3,35490.0,3528.0,0.0,165.2,1189.0,omnivore,0.0,high,arid,0.26,17898.8
6,9795,semi_detached,25,0,0.0,4254.0,208.0,193.0,1017.0,reduced_meat,0.0,high,continental,0.07,15216.8
3,59341,semi_detached,32,0,0.0,3882.0,203.0,192.4,708.0,omnivore,0.0,medium,tropical,0.4,9676.4
6,74773,apartment,38,0,0.0,3642.0,0.0,203.6,599.0,omnivore,0.0,low,tropical,0.06,13849.4
3,137362,apartment,14,2,14240.0,3841.0,0.0,263.7,500.0,vegetarian,0.0,medium,temperate,0.22,8291.5
7,33548,townhouse,6,2,15138.0,6345.0,481.0,253.8,885.0,omnivore,0.0,high,temperate,0.38,25541.7
4,74939,apartment,16,0,0.0,5903.0,0.0,247.4,789.0,vegetarian,107.0,medium,continental,0.31,8265.5
6,52134,detached_house,27,0,0.0,6785.0,316.0,197.9,1211.0,vegetarian,269.0,high,tropical,0.48,17080.7
7,20847,detached_house,24,3,27210.0,6005.0,263.0,400.6,639.0,omnivore,0.0,high,continental,0.44,25863.8
6,16170,semi_detached,7,3,14409.0,4829.0,462.0,325.4,993.0,omnivore,0.0,medium,tropical,0.33,22709.3
6,55314,apartment,24,2,21807.0,6493.0,0.0,380.8,885.0,omnivore,0.0,high,temperate,0.23,18655.9
4,13097,semi_detached,11,1,7303.0,5255.0,182.0,224.3,575.0,vegetarian,0.0,medium,temperate,0.29,10326.3
1,10821,apartment,22,1,15608.0,3868.0,0.0,105.5,579.0,reduced_meat,0.0,medium,tropical,0.02,6419.1
4,53149,detached_house,25,0,0.0,5741.0,359.0,243.2,956.0,omnivore,5107.0,low,tropical,0.48,15405.1
2,30935,apartment,27,0,0.0,3497.0,0.0,164.7,457.0,omnivore,0.0,low,arid,0.04,6293.3
7,83577,detached_house,19,3,30752.0,5890.0,297.0,203.5,1363.0,omnivore,0.0,low,temperate,0.2,28648.3
2,3436,detached_house,19,1,15806.0,3049.0,429.0,191.2,299.0,reduced_meat,0.0,medium,tropical,0.05,10947.2
2,45830,apartment,28,2,29031.0,4947.0,0.0,92.7,588.0,omnivore,0.0,low,temperate,0.14,11352.6
2,68429,apartment,31,2,30817.0,4170.0,0.0,96.5,725.0,omnivore,0.0,medium,tropical,0.25,12394.2
5,144501,apartment,33,1,5431.0,5757.0,0.0,204.0,957.0,vegetarian,0.0,medium,tropical,0.17,10255.4
4,95473,apartment,16,0,0.0,3846.0,0.0,140.4,727.0,omnivore,0.0,medium,tropical,0.42,10380.2
7,132203,apartment,19,2,12946.0,5277.0,0.0,478.2,882.0,omnivore,0.0,high,continental,0.38,18391.5
3,52019,townhouse,16,0,0.0,5327.0,117.0,177.4,620.0,reduced_meat,0.0,medium,tropical,0.18,8556.6
2,67896,apartment,23,1,4545.0,4767.0,0.0,183.8,655.0,vegan,0.0,low,arid,0.23,5934.7
1,63520,semi_detached,9,3,20233.0,4208.0,199.0,119.9,204.0,omnivore,516.0,high,tropical,0.53,8154.5
1,133199,townhouse,20,2,13266.0,3187.0,303.0,108.2,493.0,vegetarian,0.0,high,continental,0.49,6967.3
3,143914,apartment,11,3,36435.0,5252.0,0.0,92.5,865.0,omnivore,0.0,medium,temperate,0.08,15076.1
7,144380,semi_detached,23,0,0.0,6644.0,543.0,236.9,1149.0,vegetarian,99.0,high,tropical,0.25,17454.0
4,112992,townhouse,34,0,0.0,5810.0,202.0,220.4,1405.0,omnivore,0.0,low,tropical,0.32,13507.8
7,75864,detached_house,39,1,4274.0,6053.0,363.0,298.4,1213.0,reduced_meat,0.0,high,tropical,0.4,20131.3
1,81495,apartment,20,1,7909.0,3683.0,0.0,113.6,362.0,omnivore,0.0,low,tropical,0.09,5404.8
1,147092,apartment,6,0,0.0,2399.0,0.0,100.3,461.0,vegan,0.0,medium,temperate,0.36,2471.7
6,43253,apartment,12,3,36132.0,7290.0,0.0,325.6,1230.0,vegan,0.0,low,arid,0.12,18527.4
1,52528,detached_house,8,0,0.0,6873.0,336.0,156.8,367.0,omnivore,0.0,high,tropical,0.55,7232.6
1,134631,townhouse,31,2,25395.0,2350.0,503.0,63.1,361.0,omnivore,390.0,low,temperate,0.33,11385.9
3,58439,townhouse,39,2,12713.0,4381.0,432.0,252.7,903.0,reduced_meat,0.0,medium,tropical,0.08,12948.7
7,35876,apartment,24,2,0.0,6677.0,0.0,268.5,911.0,omnivore,15.0,low,tropical,0.17,16519.6
5,84422,semi_detached,11,0,0.0,4000.0,395.0,161.4,1145.0,reduced_meat,0.0,high,tropical,0.27,14200.8
1,49341,apartment,5,1,13976.0,5013.0,0.0,31.1,499.0,reduced_meat,665.0,medium,tropical,0.27,6576.8
6,133718,townhouse,39,2,15191.0,3965.0,338.0,253.0,1357.0,omnivore,0.0,medium,arid,0.22,20688.6
6,136432,apartment,16,1,6372.0,6360.0,0.0,322.5,1210.0,omnivore,0.0,medium,tropical,0.08,17830.1
6,46456,townhouse,8,2,29499.0,5464.0,323.0,287.1,1204.0,vegetarian,0.0,high,arid,0.14,20591.1
7,79807,semi_detached,11,0,0.0,6172.0,324.0,172.6,1015.0,omnivore,573.0,low,tropical,0.33,23801.9
2,147611,apartment,13,0,0.0,909.0,0.0,217.3,324.0,reduced_meat,1077.0,high,temperate,0.39,3812.9
7,111553,apartment,27,2,15946.0,6105.0,0.0,323.5,1508.0,omnivore,1248.0,medium,tropical,0.27,21083.2
3,32971,semi_detached,36,2,17075.0,7998.0,290.0,222.2,592.0,omnivore,464.0,low,tropical,0.29,14995.2
6,88939,apartment,14,0,0.0,5685.0,0.0,323.9,858.0,omnivore,0.0,low,tropical,0.16,15117.4
5,93287,detached_house,29,3,43800.0,806.0,158.0,317.2,956.0,omnivore,0.0,low,tropical,0.28,21568.3
6,98293,townhouse,7,0,0.0,8671.0,472.0,288.5,1668.0,reduced_meat,0.0,medium,tropical,0.63,16851.9
5,4531,detached_house,5,3,34623.0,4764.0,361.0,226.7,813.0,omnivore,0.0,medium,tropical,0.43,22791.4
5,45467,apartment,6,2,26185.0,6240.0,0.0,329.8,1174.0,reduced_meat,403.0,high,temperate,0.31,15509.6
5,128308,apartment,37,3,14718.0,6157.0,0.0,299.8,909.0,reduced_meat,0.0,medium,tropical,0.17,13204.2
6,36812,apartment,25,3,34926.0,4529.0,0.0,349.0,1151.0,omnivore,0.0,low,temperate,0.0,21682.6
6,45514,townhouse,33,1,7969.0,5060.0,419.0,279.9,753.0,omnivore,223.0,medium,arid,0.41,19856.8
1,48915,apartment,5,3,581.0,4081.0,0.0,118.9,506.0,reduced_meat,291.0,low,arid,0.37,4014.8
6,27266,apartment,5,0,0.0,7964.0,0.0,328.2,1433.0,reduced_meat,0.0,low,arid,0.17,16007.4
4,23991,apartment,34,1,5437.0,5603.0,0.0,292.1,630.0,reduced_meat,0.0,medium,tropical,0.04,9783.6
3,52574,townhouse,8,0,0.0,4277.0,68.0,103.4,731.0,omnivore,262.0,low,temperate,0.08,9700.9
4,131247,apartment,10,1,9398.0,3744.0,0.0,220.7,1003.0,vegetarian,0.0,low,temperate,0.32,10420.2
7,1029,townhouse,23,3,28936.0,8285.0,248.0,208.2,1089.0,omnivore,0.0,high,temperate,0.34,22615.5
7,43060,semi_detached,26,1,15828.0,2796.0,284.0,326.2,820.0,reduced_meat,0.0,medium,tropical,0.35,19091.6
6,9845,semi_detached,13,0,0.0,6340.0,240.0,140.2,1328.0,omnivore,0.0,high,temperate,0.36,17808.7
4,84574,townhouse,20,1,8904.0,5224.0,317.0,253.5,892.0,reduced_meat,0.0,medium,tropical,0.4,13458.7
6,38189,semi_detached,28,3,30197.0,6846.0,531.0,259.7,893.0,omnivore,256.0,high,tropical,0.41,22208.4
3,118962,townhouse,20,2,12846.0,4872.0,261.0,174.6,793.0,reduced_meat,412.0,medium,tropical,0.37,12205.4
5,88084,apartment,18,2,18198.0,5923.0,0.0,377.5,878.0,omnivore,0.0,low,tropical,0.0,18226.9
5,117746,semi_detached,7,1,3400.0,7022.0,539.0,276.9,766.0,reduced_meat,858.0,high,arid,0.16,17688.9
2,95528,detached_house,20,1,13935.0,3580.0,234.0,205.7,666.0,omnivore,0.0,low,temperate,0.2,11367.2
2,66207,detached_house,33,2,13229.0,4307.0,518.0,18.5,419.0,reduced_meat,0.0,medium,tropical,0.41,12147.9
1,129256,townhouse,26,2,32220.0,4341.0,301.0,141.3,461.0,omnivore,0.0,high,arid,0.63,11309.1
1,71857,townhouse,36,3,26659.0,4090.0,514.0,214.2,434.0,omnivore,0.0,medium,arid,0.23,12590.6
4,142530,semi_detached,9,2,25196.0,4291.0,390.0,271.4,807.0,reduced_meat,1120.0,medium,continental,0.16,17318.8
4,149209,detached_house,5,3,26440.0,4601.0,337.0,193.1,838.0,omnivore,0.0,medium,temperate,0.0,19647.4
2,88681,detached_house,24,3,26677.0,4329.0,292.0,114.1,404.0,omnivore,114.0,low,tropical,0.38,14140.8
3,101449,apartment,11,0,0.0,5218.0,0.0,123.3,716.0,vegetarian,0.0,high,tropical,0.27,6382.7
5,38944,apartment,25,1,9417.0,7853.0,0.0,380.7,566.0,vegetarian,0.0,low,arid,0.69,12076.6
2,122344,apartment,36,1,10113.0,2721.0,0.0,122.4,490.0,vegetarian,0.0,medium,tropical,0.14,5425.1
3,101001,apartment,16,0,0.0,2673.0,0.0,166.1,800.0,omnivore,0.0,low,continental,0.57,8056.9
3,135461,apartment,24,0,0.0,3389.0,0.0,197.3,584.0,omnivore,0.0,high,continental,0.46,7944.8
4,40637,semi_detached,28,3,20594.0,4433.0,270.0,184.5,1085.0,reduced_meat,687.0,high,continental,0.2,14884.8
3,118308,apartment,10,1,17049.0,2494.0,0.0,89.1,952.0,omnivore,0.0,medium,tropical,0.28,10532.6
6,70965,townhouse,36,0,0.0,6126.0,447.0,368.0,669.0,reduced_meat,0.0,high,temperate,0.47,17052.7
3,28428,detached_house,12,1,14408.0,2558.0,220.0,197.0,723.0,omnivore,73.0,low,temperate,0.22,12803.6
4,26342,apartment,33,1,8315.0,3885.0,0.0,114.5,650.0,vegetarian,0.0,high,tropical,0.48,8141.8
3,84675,apartment,28,0,0.0,6695.0,0.0,128.1,539.0,reduced_meat,0.0,low,tropical,0.37,7325.8
2,48461,apartment,9,0,0.0,5772.0,0.0,168.6,447.0,omnivore,0.0,medium,tropical,0.34,6407.8
5,16002,townhouse,30,3,22306.0,4509.0,438.0,202.1,1454.0,omnivore,0.0,low,tropical,0.25,20880.2
2,64530,apartment,11,3,29211.0,3507.0,0.0,136.9,612.0,omnivore,0.0,high,continental,0.17,11782.5
3,98215,detached_house,25,1,14551.0,5252.0,268.0,204.8,696.0,omnivore,0.0,high,temperate,0.34,15864.6
6,48387,townhouse,38,2,19554.0,6190.0,188.0,298.8,1199.0,reduced_meat,0.0,medium,tropical,0.28,18638.0
7,143338,townhouse,38,3,41529.0,5467.0,268.0,205.9,519.0,omnivore,0.0,low,arid,0.0,28578.6
5,117108,apartment,35,3,33728.0,5776.0,0.0,206.7,745.0,omnivore,0.0,medium,tropical,0.28,18279.1
7,77299,apartment,22,0,0.0,10723.0,0.0,357.8,773.0,omnivore,0.0,medium,tropical,0.24,19229.4
6,140250,apartment,24,3,26380.0,5938.0,0.0,200.3,1070.0,reduced_meat,0.0,medium,tropical,0.06,16495.6
4,65399,apartment,15,0,0.0,5532.0,0.0,202.5,749.0,omnivore,0.0,low,arid,0.2,12981.2
6,21638,apartment,37,0,0.0,5236.0,0.0,293.5,1177.0,omnivore,0.0,medium,temperate,0.2,16738.4
3,6147,detached_house,21,1,6317.0,4616.0,374.0,206.9,545.0,vegetarian,0.0,medium,temperate,0.54,10630.3
4,140753,townhouse,32,2,9530.0,2621.0,352.0,231.5,764.0,omnivore,0.0,high,temperate,0.38,13574.1
4,143998,detached_house,17,0,0.0,3898.0,441.0,190.4,809.0,omnivore,339.0,medium,tropical,0.41,14957.5
7,111096,detached_house,30,1,11868.0,9360.0,88.0,275.4,1405.0,vegan,0.0,medium,temperate,0.23,18482.4
6,16168,apartment,12,1,7831.0,8309.0,0.0,303.7,897.0,omnivore,0.0,medium,tropical,0.0,18100.7
4,44612,semi_detached,30,1,13372.0,5111.0,263.0,211.2,962.0,vegetarian,0.0,low,tropical,0.35,11613.1
5,6929,detached_house,6,3,34221.0,4646.0,388.0,162.2,1232.0,reduced_meat,0.0,medium,arid,0.15,22762.1
2,8446,townhouse,8,1,15881.0,3414.0,141.0,141.4,528.0,reduced_meat,0.0,high,tropical,0.3,8700.0
6,37513,townhouse,17,0,0.0,7130.0,301.0,249.8,891.0,omnivore,161.0,low,tropical,0.09,17649.0
4,86163,apartment,21,0,0.0,5987.0,0.0,177.0,852.0,omnivore,8.0,medium,tropical,0.26,12006.8
4,10577,apartment,29,0,0.0,1902.0,0.0,173.1,757.0,omnivore,3890.0,high,tropical,0.51,10572.7
6,147702,apartment,17,0,0.0,3832.0,0.0,230.1,1352.0,omnivore,0.0,medium,continental,0.39,13793.6
5,68703,apartment,5,2,25422.0,6988.0,0.0,130.0,729.0,omnivore,411.0,medium,tropical,0.49,16454.6
1,40165,townhouse,16,1,8054.0,2753.0,170.0,157.7,470.0,reduced_meat,0.0,high,arid,0.61,5813.8
3,77800,apartment,20,1,11589.0,4525.0,0.0,149.9,641.0,reduced_meat,0.0,medium,continental,0.0,9802.3
2,118691,semi_detached,24,3,51778.0,4060.0,393.0,95.9,822.0,omnivore,724.0,low,arid,0.07,20995.5
6,47435,detached_house,27,2,15527.0,8123.0,454.0,282.1,837.0,reduced_meat,0.0,high,tropical,0.08,22208.6
1,7889,apartment,13,0,0.0,2383.0,0.0,155.7,333.0,vegetarian,0.0,high,continental,0.44,2488.0
2,8403,apartment,26,1,9415.0,3139.0,0.0,150.5,646.0,reduced_meat,0.0,low,tropical,0.15,6065.4
5,127916,semi_detached,27,1,12455.0,6328.0,463.0,278.0,894.0,reduced_meat,0.0,low,tropical,0.18,16396.0
5,17450,semi_detached,32,3,21050.0,6280.0,103.0,195.4,554.0,reduced_meat,0.0,high,arid,0.32,16410.2
4,95626,apartment,23,1,6792.0,2575.0,0.0,268.8,887.0,omnivore,0.0,medium,tropical,0.31,10449.7
7,58168,apartment,33,0,0.0,5516.0,0.0,307.7,77.0,omnivore,0.0,medium,temperate,0.03,16548.8
7,116805,semi_detached,12,2,20650.0,12396.0,269.0,279.7,1262.0,vegetarian,0.0,medium,tropical,0.06,22711.8
1,9830,apartment,29,1,1843.0,2858.0,0.0,93.2,638.0,reduced_meat,0.0,high,arid,0.35,4028.0
7,134750,townhouse,6,0,0.0,6302.0,413.0,368.1,1483.0,reduced_meat,0.0,medium,temperate,0.43,18267.7
5,104969,apartment,8,2,28509.0,6936.0,0.0,288.1,1331.0,vegan,1598.0,low,continental,0.25,14848.1
5,67832,apartment,35,0,0.0,5491.0,0.0,210.8,931.0,omnivore,0.0,low,tropical,0.13,12262.9
1,31687,detached_house,21,3,18997.0,3016.0,295.0,158.0,693.0,omnivore,0.0,medium,tropical,0.0,10006.1
5,146589,detached_house,26,3,25211.0,6945.0,386.0,243.0,602.0,reduced_meat,0.0,high,continental,0.49,21007.9
6,45869,detached_house,26,1,9046.0,6259.0,225.0,347.6,1253.0,omnivore,0.0,medium,arid,0.14,20710.1
5,73984,apartment,29,2,23150.0,5985.0,0.0,303.3,916.0,reduced_meat,0.0,medium,tropical,0.08,14169.1
1,59603,townhouse,13,2,8492.0,3535.0,312.0,157.7,400.0,vegetarian,0.0,high,tropical,0.09,6557.7
4,35198,detached_house,11,2,12113.0,4624.0,421.0,173.0,939.0,reduced_meat,0.0,medium,temperate,0.03,15888.0
7,62958,detached_house,6,0,0.0,3903.0,574.0,330.4,1530.0,omnivore,0.0,medium,arid,0.11,24548.1
6,23401,apartment,35,1,8651.0,2827.0,0.0,259.6,1362.0,reduced_meat,175.0,low,arid,0.21,14418.4
1,1047,apartment,12,0,0.0,5359.0,0.0,171.4,785.0,omnivore,0.0,high,temperate,0.17,5213.3
7,44066,detached_house,25,2,9393.0,5232.0,170.0,301.5,1014.0,vegetarian,0.0,high,tropical,0.38,17070.8
7,17520,apartment,20,0,0.0,4121.0,0.0,343.9,1550.0,omnivore,0.0,high,tropical,0.31,16254.8
2,62685,detached_house,10,2,25641.0,5543.0,187.0,134.5,681.0,vegetarian,0.0,medium,arid,0.58,13143.6
6,129524,apartment,19,2,21408.0,4999.0,0.0,187.7,982.0,omnivore,0.0,medium,temperate,0.0,18768.6
3,25055,townhouse,7,3,28461.0,3108.0,229.0,189.9,579.0,omnivore,0.0,low,tropical,0.27,17082.8
5,983,detached_house,11,1,8664.0,4290.0,291.0,146.3,1233.0,omnivore,142.0,high,temperate,0.38,17801.2
4,17375,townhouse,9,0,0.0,4140.0,339.0,212.5,903.0,omnivore,0.0,low,tropical,0.1,12520.8
6,76618,detached_house,33,2,17496.0,5170.0,358.0,171.2,865.0,omnivore,0.0,medium,tropical,0.26,21110.4
7,41805,apartment,24,0,0.0,7168.0,0.0,354.3,1438.0,vegetarian,0.0,high,continental,0.47,12415.5
6,73833,semi_detached,37,0,0.0,5258.0,140.0,337.7,1199.0,vegetarian,0.0,low,tropical,0.26,12169.4
7,5163,detached_house,20,3,17657.0,8289.0,387.0,130.0,1004.0,omnivore,0.0,medium,tropical,0.46,24318.9
7,50497,semi_detached,12,3,21831.0,8894.0,294.0,490.3,586.0,reduced_meat,0.0,low,temperate,0.0,23608.3
1,61992,apartment,26,2,19406.0,3195.0,0.0,177.8,600.0,vegetarian,0.0,medium,tropical,0.12,6353.8
2,65153,detached_house,37,3,23078.0,565.0,215.0,203.0,683.0,vegetarian,0.0,high,tropical,0.57,8437.6
6,83032,townhouse,23,0,0.0,5917.0,108.0,270.2,1108.0,omnivore,0.0,medium,temperate,0.39,15790.3
5,117262,detached_house,5,0,0.0,8022.0,296.0,256.5,1109.0,omnivore,0.0,high,tropical,0.43,17660.7
1,70510,apartment,15,1,12111.0,4174.0,0.0,195.3,272.0,vegetarian,0.0,low,temperate,0.43,5115.5
1,126307,semi_detached,37,0,0.0,2080.0,319.0,139.6,530.0,omnivore,0.0,medium,tropical,0.0,5054.6
4,79836,semi_detached,23,3,37457.0,4854.0,276.0,220.1,890.0,omnivore,0.0,high,tropical,0.47,18922.3
5,39644,townhouse,38,0,0.0,5601.0,196.0,356.8,1393.0,reduced_meat,1048.0,high,temperate,0.51,12650.3
2,34969,apartment,22,2,11675.0,2246.0,0.0,200.7,847.0,omnivore,0.0,medium,tropical,0.15,7697.1
2,48915,apartment,5,3,26204.0,3103.0,0.0,166.4,288.0,vegetarian,0.0,medium,temperate,0.64,8091.5
1,89941,semi_detached,35,2,14842.0,3239.0,213.0,137.8,376.0,omnivore,0.0,high,continental,0.38,8349.3
4,36978,detached_house,31,0,0.0,2586.0,368.0,174.8,763.0,reduced_meat,0.0,high,temperate,0.02,12253.6
1,137194,semi_detached,30,1,7454.0,1547.0,77.0,99.7,446.0,vegan,112.0,medium,tropical,0.31,4277.1
5,72395,detached_house,38,2,14678.0,5583.0,453.0,211.8,639.0,vegan,142.0,low,tropical,0.14,16180.9
4,129600,apartment,11,3,19946.0,3913.0,0.0,225.2,904.0,vegetarian,0.0,low,temperate,0.42,10757.3
4,102742,semi_detached,36,1,7895.0,4618.0,408.0,171.7,1063.0,vegetarian,0.0,medium,tropical,0.33,12519.9
5,50536,apartment,13,1,13125.0,2420.0,0.0,270.5,744.0,omnivore,180.0,medium,temperate,0.16,15314.5
4,34855,apartment,38,3,29092.0,5470.0,0.0,201.5,752.0,vegan,0.0,low,temperate,0.48,12516.6
6,111796,detached_house,11,3,52954.0,5360.0,172.0,294.7,992.0,vegetarian,0.0,medium,tropical,0.39,22837.7
6,50145,semi_detached,24,1,9597.0,7238.0,283.0,228.9,1171.0,omnivore,564.0,medium,tropical,0.13,21159.8
7,37632,townhouse,32,0,0.0,8170.0,183.0,412.6,1212.0,omnivore,0.0,medium,arid,0.23,22023.8
6,139613,apartment,7,2,18029.0,5852.0,0.0,250.4,439.0,omnivore,18.0,medium,arid,0.33,17722.3
4,72808,apartment,7,3,29693.0,6444.0,0.0,264.6,772.0,reduced_meat,1926.0,medium,tropical,0.2,14882.0
4,8046,townhouse,34,3,31570.0,7533.0,477.0,168.7,818.0,reduced_meat,849.0,low,arid,0.2,22159.3
2,74619,apartment,7,1,16268.0,4819.0,0.0,145.1,662.0,omnivore,494.0,high,temperate,0.36,8956.0
5,69546,apartment,26,0,0.0,5388.0,0.0,252.4,950.0,omnivore,368.0,medium,tropical,0.09,13708.1
1,129704,apartment,37,2,24013.0,2609.0,0.0,137.2,628.0,reduced_meat,0.0,low,tropical,0.0,7741.2
7,106964,detached_house,26,3,29181.0,4844.0,243.0,286.1,1189.0,omnivore,2196.0,medium,temperate,0.29,25109.5
6,29350,townhouse,21,3,10503.0,6182.0,357.0,269.5,1429.0,vegan,666.0,medium,temperate,0.0,15028.6
1,23247,semi_detached,19,0,0.0,1676.0,254.0,244.6,448.0,omnivore,0.0,medium,continental,0.1,4997.3
6,90856,semi_detached,27,1,13437.0,4896.0,332.0,336.0,1041.0,omnivore,0.0,medium,tropical,0.0,21393.9
1,7868,apartment,25,1,6000.0,3846.0,0.0,92.4,548.0,omnivore,489.0,medium,temperate,0.0,5302.7
6,48397,apartment,22,0,0.0,5211.0,0.0,335.1,337.0,vegetarian,0.0,medium,temperate,0.31,10499.5
1,21420,detached_house,10,3,8884.0,3643.0,376.0,182.5,519.0,vegetarian,0.0,low,temperate,0.22,8663.6
4,3867,apartment,28,0,0.0,2586.0,0.0,212.5,516.0,omnivore,0.0,medium,tropical,0.21,9113.8
5,137888,apartment,30,2,25336.0,4760.0,0.0,170.6,1085.0,omnivore,0.0,low,tropical,0.05,18403.5
6,14201,apartment,29,3,22103.0,7451.0,0.0,366.2,1037.0,omnivore,0.0,medium,arid,0.15,21399.0
3,2181,apartment,7,2,10238.0,6048.0,0.0,314.1,896.0,omnivore,406.0,medium,tropical,0.31,10235.9
7,139987,detached_house,29,3,29409.0,6216.0,302.0,315.4,1588.0,reduced_meat,0.0,high,tropical,0.34,22300.3
6,28897,semi_detached,30,1,7172.0,6837.0,470.0,276.4,1246.0,omnivore,0.0,low,continental,0.37,20502.1
2,122630,apartment,11,3,22056.0,2534.0,0.0,178.6,634.0,omnivore,0.0,medium,tropical,0.39,8790.7
5,5467,detached_house,34,1,11588.0,4858.0,396.0,184.4,819.0,omnivore,0.0,medium,continental,0.21,21005.5
6,23710,semi_detached,23,0,0.0,3383.0,529.0,277.7,682.0,omnivore,0.0,medium,arid,0.0,21833.1
3,17305,semi_detached,21,1,5831.0,2903.0,216.0,122.7,476.0,omnivore,0.0,high,temperate,0.24,9108.1
6,106174,semi_detached,30,1,9539.0,5551.0,182.0,323.2,815.0,omnivore,47.0,low,tropical,0.24,20317.3
7,93326,apartment,22,2,24786.0,4999.0,0.0,262.7,1430.0,omnivore,0.0,medium,arid,0.13,21769.7
6,71744,semi_detached,24,1,13334.0,5970.0,269.0,185.4,842.0,omnivore,0.0,medium,arid,0.09,22188.5
6,36852,apartment,15,1,6672.0,4755.0,0.0,228.4,941.0,omnivore,0.0,high,continental,0.36,16182.1
5,14057,apartment,37,1,12281.0,2958.0,0.0,285.7,871.0,vegan,0.0,low,tropical,0.61,9527.7
2,85726,apartment,38,1,6256.0,2135.0,0.0,116.7,482.0,omnivore,882.0,high,tropical,0.28,5981.8
6,35222,detached_house,9,2,30783.0,6708.0,394.0,244.0,1463.0,omnivore,0.0,high,continental,0.35,25182.1
3,88857,apartment,30,1,5032.0,2598.0,0.0,142.3,699.0,omnivore,0.0,high,tropical,0.15,8012.8
4,103370,apartment,5,3,40949.0,3831.0,0.0,107.6,858.0,reduced_meat,0.0,medium,arid,0.44,15996.9
3,127535,semi_detached,17,1,6702.0,6393.0,371.0,183.1,766.0,vegetarian,0.0,medium,tropical,0.38,11400.6
3,74502,apartment,38,3,48139.0,4184.0,0.0,214.1,828.0,reduced_meat,1149.0,low,tropical,0.37,16568.5
2,1507,apartment,11,1,11070.0,4088.0,0.0,135.2,726.0,reduced_meat,244.0,high,arid,0.55,7683.4
7,42675,apartment,18,0,0.0,8581.0,0.0,449.6,738.0,vegetarian,1134.0,medium,arid,0.19,14097.0
2,128122,apartment,12,0,0.0,4299.0,0.0,94.7,594.0,omnivore,440.0,low,arid,0.2,6912.7
1,80361,apartment,30,3,35202.0,911.0,0.0,116.2,600.0,vegetarian,0.0,medium,tropical,0.51,8363.5
7,93172,apartment,21,3,38053.0,6798.0,0.0,329.0,1464.0,reduced_meat,0.0,high,temperate,0.44,21074.2
4,69107,apartment,25,0,0.0,3538.0,0.0,242.2,645.0,omnivore,0.0,high,continental,0.02,9156.9
4,25081,semi_detached,37,2,18313.0,8296.0,187.0,288.4,843.0,omnivore,0.0,medium,tropical,0.32,16848.5
6,134588,townhouse,23,2,23308.0,4693.0,238.0,224.6,1087.0,omnivore,0.0,medium,tropical,0.16,18522.4
3,116122,detached_house,30,0,0.0,2833.0,153.0,176.5,609.0,omnivore,0.0,high,tropical,0.48,8973.7
1,149281,detached_house,8,1,4473.0,1690.0,321.0,176.4,315.0,vegetarian,0.0,high,temperate,0.41,5620.7
6,128439,townhouse,12,2,12309.0,4966.0,351.0,245.8,638.0,omnivore,0.0,high,tropical,0.09,18525.8
2,44237,townhouse,38,3,29469.0,5494.0,348.0,153.0,554.0,reduced_meat,8.0,medium,temperate,0.29,13811.4
4,38736,detached_house,35,3,39763.0,7358.0,301.0,298.5,707.0,vegan,0.0,medium,tropical,0.28,20266.4
7,37872,townhouse,27,0,0.0,7682.0,115.0,384.8,1500.0,omnivore,0.0,high,arid,0.4,23058.5
7,137884,townhouse,18,0,0.0,3879.0,226.0,335.0,1012.0,omnivore,0.0,low,temperate,0.34,18470.6
3,83894,semi_detached,11,1,10006.0,1266.0,251.0,205.6,489.0,reduced_meat,557.0,medium,arid,0.47,9809.7
6,68605,detached_house,34,0,0.0,7771.0,252.0,341.1,1309.0,vegetarian,0.0,low,tropical,0.31,15223.0
5,145264,apartment,32,2,13333.0,5989.0,0.0,247.2,752.0,omnivore,0.0,medium,tropical,0.25,13988.7
4,90830,apartment,13,0,0.0,3832.0,0.0,142.9,1071.0,omnivore,0.0,high,arid,0.52,11176.8
1,136487,detached_house,25,0,0.0,3423.0,397.0,79.6,596.0,reduced_meat,0.0,low,tropical,0.59,6549.0
3,147709,detached_house,26,0,0.0,4867.0,181.0,176.8,989.0,vegetarian,660.0,medium,temperate,0.39,9172.2
5,12653,apartment,21,1,10167.0,3142.0,0.0,215.5,648.0,omnivore,0.0,low,tropical,0.28,12373.1
7,54741,detached_house,37,3,28948.0,5052.0,377.0,301.5,1965.0,omnivore,0.0,high,tropical,0.41,25648.9
1,110333,detached_house,9,0,0.0,1768.0,203.0,107.6,386.0,vegan,0.0,high,tropical,0.39,3692.8
6,122123,semi_detached,14,3,32734.0,6471.0,402.0,271.0,791.0,omnivore,0.0,medium,arid,0.25,26415.9
6,22953,apartment,8,1,9849.0,6412.0,0.0,277.8,1257.0,omnivore,0.0,high,continental,0.67,16775.7
7,48305,apartment,29,0,0.0,9347.0,0.0,438.7,1195.0,reduced_meat,0.0,low,tropical,0.14,14789.5
3,82587,semi_detached,27,1,8851.0,5055.0,355.0,163.4,869.0,omnivore,0.0,high,tropical,0.52,12715.8
1,120042,semi_detached,39,2,20890.0,1182.0,326.0,94.6,350.0,omnivore,964.0,high,tropical,0.33,8604.4
2,17654,townhouse,23,0,0.0,2109.0,273.0,175.2,381.0,reduced_meat,0.0,low,continental,0.03,6586.6
6,90429,townhouse,10,0,0.0,4801.0,296.0,247.3,994.0,reduced_meat,0.0,high,temperate,0.32,15248.0
7,45029,townhouse,20,3,34018.0,5214.0,214.0,358.9,1312.0,omnivore,1098.0,low,tropical,0.17,28268.5
5,33080,apartment,8,2,13312.0,6115.0,0.0,254.0,749.0,omnivore,0.0,medium,arid,0.34,16337.2
1,77697,apartment,28,1,9181.0,3970.0,0.0,108.2,589.0,reduced_meat,563.0,low,temperate,0.26,5895.9
1,62572,apartment,28,3,20452.0,3971.0,0.0,44.4,377.0,reduced_meat,0.0,high,temperate,0.2,6871.7
4,95648,detached_house,35,3,21472.0,5065.0,343.0,131.2,921.0,vegetarian,149.0,low,tropical,0.47,14827.2
5,48191,townhouse,16,1,5063.0,5747.0,161.0,292.0,688.0,reduced_meat,21.0,low,temperate,0.41,14078.2
1,123632,apartment,15,2,26860.0,4383.0,0.0,127.5,437.0,reduced_meat,0.0,medium,arid,0.49,8886.5
5,12453,detached_house,7,0,0.0,6963.0,35.0,157.6,1289.0,vegetarian,1001.0,high,tropical,0.39,13074.0
4,129392,apartment,19,1,10881.0,5632.0,0.0,392.0,812.0,vegetarian,921.0,medium,tropical,0.24,10525.9
1,5251,apartment,21,2,31805.0,4867.0,0.0,125.4,584.0,omnivore,0.0,medium,tropical,0.36,10301.4
1,110595,apartment,31,0,0.0,3184.0,0.0,96.4,477.0,vegan,0.0,medium,tropical,0.16,2620.5
4,52494,apartment,31,3,58834.0,4445.0,0.0,210.0,895.0,vegetarian,0.0,high,tropical,0.37,16841.3
6,57993,townhouse,9,3,24611.0,4969.0,372.0,240.3,793.0,omnivore,0.0,medium,temperate,0.22,21448.4
6,3639,apartment,14,1,9893.0,6850.0,0.0,292.4,782.0,omnivore,91.0,medium,temperate,0.03,19690.9
4,105553,semi_detached,22,1,7608.0,6234.0,292.0,162.1,688.0,reduced_meat,0.0,high,tropical,0.37,13046.2
3,25490,semi_detached,16,0,0.0,4391.0,500.0,214.3,280.0,omnivore,0.0,medium,tropical,0.18,10354.5
7,99146,apartment,5,2,23849.0,9324.0,0.0,426.8,1656.0,reduced_meat,56.0,medium,temperate,0.21,21022.7
4,108997,apartment,34,0,0.0,1552.0,0.0,223.3,894.0,omnivore,0.0,high,tropical,0.4,9506.7
3,126909,semi_detached,30,1,15219.0,3603.0,340.0,234.8,657.0,omnivore,234.0,medium,tropical,0.44,14249.9
4,106447,apartment,23,2,19674.0,3453.0,0.0,227.8,633.0,omnivore,0.0,medium,temperate,0.12,13278.8
